Ma_TSN,Ten_TSN,type,Ma_toa_cha,Ten_toa_cha,Ma_SSN,Ten_SSN,Tinh
D01,"Tòa án nhân dân tối cao",OLD,NULL,NULL,D01,"Tòa án nhân dân tối cao","Thành phố Hà Nội"
D01.20,"Tòa án nhân dân cấp cao tại Hà Nội",OLD,D01,"Tòa án nhân dân tối cao",D01.100,"Tòa Phúc thẩm Tòa án nhân dân tối cao tại Hà Nội","Thành phố Hà Nội"
D01.21,"Tòa án nhân dân cấp cao tại Đà Nẵng",OLD,D01,"Tòa án nhân dân tối cao",D01.101,"Tòa Phúc thẩm Tòa án nhân dân tối cao tại Đà Nẵng","Thành phố Đà Nẵng"
D01.22,"Tòa án nhân dân cấp cao tại Thành phố Hồ Chí Minh",OLD,D01,"Tòa án nhân dân tối cao",D01.102,"Tòa Phúc thẩm Tòa án nhân dân tối cao tại Thành phố Hồ Chí Minh","Thành phố Hồ Chí Minh"
D01.26,"Tòa án nhân dân tỉnh An Giang",OLD,NULL,NULL,D01.120,"Tòa án nhân dân tỉnh An Giang","Tỉnh An Giang"
D01.27,"Tòa án nhân dân tỉnh Bà Rịa - Vũng Tàu",OLD,NULL,NULL,D01.134,"Tòa án nhân dân Thành phố Hồ Chí Minh","Tỉnh Bà Rịa - Vũng Tàu"
D01.28,"Tòa án nhân dân tỉnh Bắc Giang",OLD,NULL,NULL,D01.121,"Tòa án nhân dân tỉnh Bắc Ninh","Tỉnh Bắc Giang"
D01.29,"Tòa án nhân dân tỉnh Bắc Kạn",OLD,NULL,NULL,D01.150,"Tòa án nhân dân tỉnh Thái Nguyên","Tỉnh Bắc Kạn"
D01.30,"Tòa án nhân dân tỉnh Bạc Liêu",OLD,NULL,NULL,D01.122,"Tòa án nhân dân tỉnh Cà Mau","Tỉnh Bạc Liêu"
D01.31,"Tòa án nhân dân tỉnh Bắc Ninh",OLD,NULL,NULL,D01.121,"Tòa án nhân dân tỉnh Bắc Ninh","Tỉnh Bắc Ninh"
D01.32,"Tòa án nhân dân tỉnh Bến Tre",OLD,NULL,NULL,D01.153,"Tòa án nhân dân tỉnh Vĩnh Long","Tỉnh Bến Tre"
D01.33,"Tòa án nhân dân tỉnh Bình Dương",OLD,NULL,NULL,D01.134,"Tòa án nhân dân Thành phố Hồ Chí Minh","Tỉnh Bình Dương"
D01.34,"Tòa án nhân dân tỉnh Bình Định",OLD,NULL,NULL,D01.130,"Tòa án nhân dân tỉnh Gia Lai","Tỉnh Bình Định"
D01.35,"Tòa án nhân dân tỉnh Bình Phước",OLD,NULL,NULL,D01.128,"Tòa án nhân dân tỉnh Đồng Nai","Tỉnh Bình Phước"
D01.36,"Tòa án nhân dân tỉnh Bình Thuận",OLD,NULL,NULL,D01.141,"Tòa án nhân dân tỉnh Lâm Đồng","Tỉnh Bình Thuận"
D01.37,"Tòa án nhân dân tỉnh Cà Mau",OLD,NULL,NULL,D01.122,"Tòa án nhân dân tỉnh Cà Mau","Tỉnh Cà Mau"
D01.38,"Tòa án nhân dân Thành phố Cần Thơ",OLD,NULL,NULL,D01.124,"Tòa án nhân dân Thành phố Cần Thơ","Thành phố Cần Thơ"
D01.39,"Tòa án nhân dân tỉnh Cao Bằng",OLD,NULL,NULL,D01.123,"Tòa án nhân dân tỉnh Cao Bằng","Tỉnh Cao Bằng"
D01.40,"Tòa án nhân dân Thành phố Đà Nẵng",OLD,NULL,NULL,D01.125,"Tòa án nhân dân Thành phố Đà Nẵng","Thành phố Đà Nẵng"
D01.41,"Tòa án nhân dân tỉnh Đắk Lắk",OLD,NULL,NULL,D01.126,"Tòa án nhân dân tỉnh Đắk Lắk","Tỉnh Đắk Lắk"
D01.42,"Tòa án nhân dân tỉnh Đắk Nông",OLD,NULL,NULL,D01.141,"Tòa án nhân dân tỉnh Lâm Đồng","Tỉnh Đắk Nông"
D01.43,"Tòa án nhân dân tỉnh Điện Biên",OLD,NULL,NULL,D01.127,"Tòa án nhân dân tỉnh Điện Biên","Tỉnh Điện Biên"
D01.44,"Tòa án nhân dân tỉnh Đồng Nai",OLD,NULL,NULL,D01.128,"Tòa án nhân dân tỉnh Đồng Nai","Tỉnh Đồng Nai"
D01.45,"Tòa án nhân dân tỉnh Đồng Tháp",OLD,NULL,NULL,D01.129,"Tòa án nhân dân tỉnh Đồng Tháp","Tỉnh Đồng Tháp"
D01.46,"Tòa án nhân dân tỉnh Gia Lai",OLD,NULL,NULL,D01.130,"Tòa án nhân dân tỉnh Gia Lai","Tỉnh Gia Lai"
D01.47,"Tòa án nhân dân tỉnh Hà Giang",OLD,NULL,NULL,D01.152,"Tòa án nhân dân tỉnh Tuyên Quang","Tỉnh Hà Giang"
D01.48,"Tòa án nhân dân tỉnh Hà Nam",OLD,NULL,NULL,D01.143,"Tòa án nhân dân tỉnh Ninh Bình","Tỉnh Hà Nam"
D01.49,"Tòa án nhân dân Thành phố Hà Nội",OLD,NULL,NULL,D01.131,"Tòa án nhân dân Thành phố Hà Nội","Thành phố Hà Nội"
D01.50,"Tòa án nhân dân tỉnh Hà Tĩnh",OLD,NULL,NULL,D01.132,"Tòa án nhân dân tỉnh Hà Tĩnh","Tỉnh Hà Tĩnh"
D01.51,"Tòa án nhân dân tỉnh Hải Dương",OLD,NULL,NULL,D01.133,"Tòa án nhân dân thành phố Hải Phòng","Tỉnh Hải Dương"
D01.52,"Tòa án nhân dân Thành phố Hải Phòng",OLD,NULL,NULL,D01.133,"Tòa án nhân dân Thành phố Hải Phòng","Thành phố Hải Phòng"
D01.53,"Tòa án nhân dân tỉnh Hậu Giang",OLD,NULL,NULL,D01.124,"Tòa án nhân dân thành phố Cần Thơ","Tỉnh Hậu Giang"
D01.54,"Tòa án nhân dân Thành phố Hồ Chí Minh",OLD,NULL,NULL,D01.134,"Tòa án nhân dân Thành phố Hồ Chí Minh","Thành phố Hồ Chí Minh"
D01.55,"Tòa án nhân dân tỉnh Hòa Bình",OLD,NULL,NULL,D01.144,"Tòa án nhân dân tỉnh Phú Thọ","Tỉnh Hòa Bình"
D01.56,"Tòa án nhân dân tỉnh Hưng Yên",OLD,NULL,NULL,D01.136,"Tòa án nhân dân tỉnh Hưng Yên","Tỉnh Hưng Yên"
D01.57,"Tòa án nhân dân tỉnh Khánh Hòa",OLD,NULL,NULL,D01.137,"Tòa án nhân dân tỉnh Khánh Hòa","Tỉnh Khánh Hòa"
D01.58,"Tòa án nhân dân tỉnh Kiên Giang",OLD,NULL,NULL,D01.120,"Tòa án nhân dân tỉnh An Giang","Tỉnh Kiên Giang"
D01.59,"Tòa án nhân dân tỉnh Kon Tum",OLD,NULL,NULL,D01.145,"Tòa án nhân dân tỉnh Quảng Ngãi","Tỉnh Kon Tum"
D01.60,"Tòa án nhân dân tỉnh Lai Châu",OLD,NULL,NULL,D01.138,"Tòa án nhân dân tỉnh Lai Châu","Tỉnh Lai Châu"
D01.61,"Tòa án nhân dân tỉnh Lâm Đồng",OLD,NULL,NULL,D01.141,"Tòa án nhân dân tỉnh Lâm Đồng","Tỉnh Lâm Đồng"
D01.62,"Tòa án nhân dân tỉnh Lạng Sơn",OLD,NULL,NULL,D01.139,"Tòa án nhân dân tỉnh Lạng Sơn","Tỉnh Lạng Sơn"
D01.63,"Tòa án nhân dân tỉnh Lào Cai",OLD,NULL,NULL,D01.140,"Tòa án nhân dân tỉnh Lào Cai","Tỉnh Lào Cai"
D01.64,"Tòa án nhân dân tỉnh Long An",OLD,NULL,NULL,D01.149,"Tòa án nhân dân tỉnh Tây Ninh","Tỉnh Long An"
D01.65,"Tòa án nhân dân tỉnh Nam Định",OLD,NULL,NULL,D01.143,"Tòa án nhân dân tỉnh Ninh Bình","Tỉnh Nam Định"
D01.66,"Tòa án nhân dân tỉnh Nghệ An",OLD,NULL,NULL,D01.142,"Tòa án nhân dân tỉnh Nghệ An","Tỉnh Nghệ An"
D01.67,"Tòa án nhân dân tỉnh Ninh Bình",OLD,NULL,NULL,D01.143,"Tòa án nhân dân tỉnh Ninh Bình","Tỉnh Ninh Bình"
D01.68,"Tòa án nhân dân tỉnh Ninh Thuận",OLD,NULL,NULL,D01.137,"Tòa án nhân dân tỉnh Khánh Hòa","Tỉnh Ninh Thuận"
D01.69,"Tòa án nhân dân tỉnh Phú Thọ",OLD,NULL,NULL,D01.144,"Tòa án nhân dân tỉnh Phú Thọ","Tỉnh Phú Thọ"
D01.70,"Tòa án nhân dân tỉnh Phú Yên",OLD,NULL,NULL,D01.126,"Tòa án nhân dân tỉnh Đắk Lắk","Tỉnh Phú Yên"
D01.71,"Tòa án nhân dân tỉnh Quảng Bình",OLD,NULL,NULL,D01.147,"Tòa án nhân dân tỉnh Quảng Trị","Tỉnh Quảng Bình"
D01.72,"Tòa án nhân dân tỉnh Quảng Nam",OLD,NULL,NULL,D01.125,"Tòa án nhân dân thành phố Đà Nẵng","Tỉnh Quảng Nam"
D01.73,"Tòa án nhân dân tỉnh Quảng Ngãi",OLD,NULL,NULL,D01.145,"Tòa án nhân dân tỉnh Quảng Ngãi","Tỉnh Quảng Ngãi"
D01.74,"Tòa án nhân dân tỉnh Quảng Ninh",OLD,NULL,NULL,D01.146,"Tòa án nhân dân tỉnh Quảng Ninh","Tỉnh Quảng Ninh"
D01.75,"Tòa án nhân dân tỉnh Quảng Trị",OLD,NULL,NULL,D01.147,"Tòa án nhân dân tỉnh Quảng Trị","Tỉnh Quảng Trị"
D01.76,"Tòa án nhân dân tỉnh Sóc Trăng",OLD,NULL,NULL,D01.124,"Tòa án nhân dân thành phố Cần Thơ","Tỉnh Sóc Trăng"
D01.77,"Tòa án nhân dân tỉnh Sơn La",OLD,NULL,NULL,D01.148,"Tòa án nhân dân tỉnh Sơn La","Tỉnh Sơn La"
D01.78,"Tòa án nhân dân tỉnh Tây Ninh",OLD,NULL,NULL,D01.149,"Tòa án nhân dân tỉnh Tây Ninh","Tỉnh Tây Ninh"
D01.79,"Tòa án nhân dân tỉnh Thái Bình",OLD,NULL,NULL,D01.136,"Tòa án nhân dân tỉnh Hưng Yên","Tỉnh Thái Bình"
D01.80,"Tòa án nhân dân tỉnh Thái Nguyên",OLD,NULL,NULL,D01.150,"Tòa án nhân dân tỉnh Thái Nguyên","Tỉnh Thái Nguyên"
D01.81,"Tòa án nhân dân tỉnh Thanh Hóa",OLD,NULL,NULL,D01.151,"Tòa án nhân dân tỉnh Thanh Hóa","Tỉnh Thanh Hóa"
D01.82,"Tòa án nhân dân tỉnh Thừa Thiên - Huế",OLD,NULL,NULL,D01.135,"Tòa án nhân dân Thành phố Huế","Thành phố Huế"
D01.83,"Tòa án nhân dân tỉnh Tiền Giang",OLD,NULL,NULL,D01.129,"Tòa án nhân dân tỉnh Đồng Tháp","Tỉnh Tiền Giang"
D01.84,"Tòa án nhân dân tỉnh Trà Vinh",OLD,NULL,NULL,D01.153,"Tòa án nhân dân tỉnh Vĩnh Long","Tỉnh Trà Vinh"
D01.85,"Tòa án nhân dân tỉnh Tuyên Quang",OLD,NULL,NULL,D01.152,"Tòa án nhân dân tỉnh Tuyên Quang","Tỉnh Tuyên Quang"
D01.86,"Tòa án nhân dân tỉnh Vĩnh Long",OLD,NULL,NULL,D01.153,"Tòa án nhân dân tỉnh Vĩnh Long","Tỉnh Vĩnh Long"
D01.87,"Tòa án nhân dân tỉnh Vĩnh Phúc",OLD,NULL,NULL,D01.144,"Tòa án nhân dân tỉnh Phú Thọ","Tỉnh Vĩnh Phúc"
D01.88,"Tòa án nhân dân tỉnh Yên Bái",OLD,NULL,NULL,D01.140,"Tòa án nhân dân tỉnh Lào Cai","Tỉnh Yên Bái"
D01.26.01,"Tòa án nhân dân thành phố Long Xuyên, tỉnh An Giang",OLD,D01.26,"Tòa án nhân dân tỉnh An Giang",D01.120.09,"Tòa án nhân dân khu vực 9 - An Giang","Tỉnh An Giang"
D01.26.02,"Tòa án nhân dân thành phố Châu Đốc, tỉnh An Giang",OLD,D01.26,"Tòa án nhân dân tỉnh An Giang",D01.120.13,"Tòa án nhân dân khu vực 13 - An Giang","Tỉnh An Giang"
D01.26.03,"Tòa án nhân dân thị xã Tân Châu, tỉnh An Giang",OLD,D01.26,"Tòa án nhân dân tỉnh An Giang",D01.120.15,"Tòa án nhân dân khu vực 15 - An Giang","Tỉnh An Giang"
D01.26.04,"Tòa án nhân dân huyện An Phú, tỉnh An Giang",OLD,D01.26,"Tòa án nhân dân tỉnh An Giang",D01.120.15,"Tòa án nhân dân khu vực 15 - An Giang","Tỉnh An Giang"
D01.26.05,"Tòa án nhân dân huyện Châu Phú, tỉnh An Giang",OLD,D01.26,"Tòa án nhân dân tỉnh An Giang",D01.120.13,"Tòa án nhân dân khu vực 13 - An Giang","Tỉnh An Giang"
D01.26.06,"Tòa án nhân dân huyện Châu Thành, tỉnh An Giang",OLD,D01.26,"Tòa án nhân dân tỉnh An Giang",D01.120.10,"Tòa án nhân dân khu vực 10 - An Giang","Tỉnh An Giang"
D01.26.07,"Tòa án nhân dân huyện Chợ Mới, tỉnh An Giang",OLD,D01.26,"Tòa án nhân dân tỉnh An Giang",D01.120.11,"Tòa án nhân dân khu vực 11 - An Giang","Tỉnh An Giang"
D01.26.08,"Tòa án nhân dân huyện Phú Tân, tỉnh An Giang",OLD,D01.26,"Tòa án nhân dân tỉnh An Giang",D01.120.12,"Tòa án nhân dân khu vực 12 - An Giang","Tỉnh An Giang"
D01.26.09,"Tòa án nhân dân huyện Thoại Sơn, tỉnh An Giang",OLD,D01.26,"Tòa án nhân dân tỉnh An Giang",D01.120.10,"Tòa án nhân dân khu vực 10 - An Giang","Tỉnh An Giang"
D01.26.10,"Tòa án nhân dân huyện Tịnh Biên, tỉnh An Giang",OLD,D01.26,"Tòa án nhân dân tỉnh An Giang",D01.120.14,"Tòa án nhân dân khu vực 14 - An Giang","Tỉnh An Giang"
D01.26.11,"Tòa án nhân dân huyện Tri Tôn, tỉnh An Giang",OLD,D01.26,"Tòa án nhân dân tỉnh An Giang",D01.120.14,"Tòa án nhân dân khu vực 14 - An Giang","Tỉnh An Giang"
D01.27.01,"Tòa án nhân dân thành phố Bà Rịa, tỉnh Bà Rịa - Vũng Tàu",OLD,D01.27,"Tòa án nhân dân tỉnh Bà Rịa - Vũng Tàu",D01.134.12,"Tòa án nhân dân khu vực 12 - Hồ Chí Minh","Tỉnh Bà Rịa - Vũng Tàu"
D01.27.02,"Tòa án nhân dân thành phố Vũng Tàu, tỉnh Bà Rịa - Vũng Tàu",OLD,D01.27,"Tòa án nhân dân tỉnh Bà Rịa - Vũng Tàu",D01.134.11,"Tòa án nhân dân khu vực 11 - Hồ Chí Minh","Tỉnh Bà Rịa - Vũng Tàu"
D01.27.03,"Tòa án nhân dân huyện Châu Đức, tỉnh Bà Rịa - Vũng Tàu",OLD,D01.27,"Tòa án nhân dân tỉnh Bà Rịa - Vũng Tàu",D01.134.14,"Tòa án nhân dân khu vực 14 - Hồ Chí Minh","Tỉnh Bà Rịa - Vũng Tàu"
D01.27.04,"Tòa án nhân dân huyện Côn Đảo, tỉnh Bà Rịa - Vũng Tàu",OLD,D01.27,"Tòa án nhân dân tỉnh Bà Rịa - Vũng Tàu",D01.134.11,"Tòa án nhân dân khu vực 11 - Hồ Chí Minh","Tỉnh Bà Rịa - Vũng Tàu"
D01.27.07,"Tòa án nhân dân Thị xã Phú Mỹ, tỉnh Bà Rịa - Vũng Tàu",OLD,D01.27,"Tòa án nhân dân tỉnh Bà Rịa - Vũng Tàu",D01.134.12,"Tòa án nhân dân khu vực 12 - Hồ Chí Minh","Tỉnh Bà Rịa - Vũng Tàu"
D01.27.08,"Tòa án nhân dân huyện Xuyên Mộc, tỉnh Bà Rịa - Vũng Tàu",OLD,D01.27,"Tòa án nhân dân tỉnh Bà Rịa - Vũng Tàu",D01.134.14,"Tòa án nhân dân khu vực 14 - Hồ Chí Minh","Tỉnh Bà Rịa - Vũng Tàu"
D01.28.01,"Tòa án nhân dân thành phố Bắc Giang, tỉnh Bắc Giang",OLD,D01.28,"Tòa án nhân dân tỉnh Bắc Giang",D01.121.01,"Tòa án nhân dân khu vực 1 - Bắc Ninh","Tỉnh Bắc Giang"
D01.28.02,"Tòa án nhân dân huyện Hiệp Hòa, tỉnh Bắc Giang",OLD,D01.28,"Tòa án nhân dân tỉnh Bắc Giang",D01.121.02,"Tòa án nhân dân khu vực 2 - Bắc Ninh","Tỉnh Bắc Giang"
D01.28.03,"Tòa án nhân dân huyện Lạng Giang, tỉnh Bắc Giang",OLD,D01.28,"Tòa án nhân dân tỉnh Bắc Giang",D01.121.04,"Tòa án nhân dân khu vực 4 - Bắc Ninh","Tỉnh Bắc Giang"
D01.28.04,"Tòa án nhân dân huyện Lục Nam, tỉnh Bắc Giang",OLD,D01.28,"Tòa án nhân dân tỉnh Bắc Giang",D01.121.04,"Tòa án nhân dân khu vực 4 - Bắc Ninh","Tỉnh Bắc Giang"
D01.28.05,"Tòa án nhân dân huyện Lục Ngạn, tỉnh Bắc Giang",OLD,D01.28,"Tòa án nhân dân tỉnh Bắc Giang",D01.121.05,"Tòa án nhân dân khu vực 5 - Bắc Ninh","Tỉnh Bắc Giang"
D01.28.06,"Tòa án nhân dân huyện Sơn Động, tỉnh Bắc Giang",OLD,D01.28,"Tòa án nhân dân tỉnh Bắc Giang",D01.121.05,"Tòa án nhân dân khu vực 5 - Bắc Ninh","Tỉnh Bắc Giang"
D01.28.07,"Tòa án nhân dân huyện Tân Yên, tỉnh Bắc Giang",OLD,D01.28,"Tòa án nhân dân tỉnh Bắc Giang",D01.121.03,"Tòa án nhân dân khu vực 3 - Bắc Ninh","Tỉnh Bắc Giang"
D01.28.08,"Tòa án nhân dân huyện Việt Yên, tỉnh Bắc Giang",OLD,D01.28,"Tòa án nhân dân tỉnh Bắc Giang",D01.121.02,"Tòa án nhân dân khu vực 2 - Bắc Ninh","Tỉnh Bắc Giang"
D01.28.09,"Tòa án nhân dân huyện Yên Dũng, tỉnh Bắc Giang",OLD,D01.28,"Tòa án nhân dân tỉnh Bắc Giang",D01.121.01,"Tòa án nhân dân khu vực 1 - Bắc Ninh","Tỉnh Bắc Giang"
D01.28.10,"Tòa án nhân dân huyện Yên Thế, tỉnh Bắc Giang",OLD,D01.28,"Tòa án nhân dân tỉnh Bắc Giang",D01.121.03,"Tòa án nhân dân khu vực 3 - Bắc Ninh","Tỉnh Bắc Giang"
D01.29.01,"Tòa án nhân dân Thành phố Bắc Kạn, tỉnh Bắc Kạn",OLD,D01.29,"Tòa án nhân dân tỉnh Bắc Kạn",D01.150.06,"Tòa án nhân dân khu vực 6 - Thái Nguyên","Tỉnh Bắc Kạn"
D01.29.02,"Tòa án nhân dân huyện Ba Bể, tỉnh Bắc Kạn",OLD,D01.29,"Tòa án nhân dân tỉnh Bắc Kạn",D01.150.09,"Tòa án nhân dân khu vực 9 - Thái Nguyên","Tỉnh Bắc Kạn"
D01.29.03,"Tòa án nhân dân huyện Bạch Thông, tỉnh Bắc Kạn",OLD,D01.29,"Tòa án nhân dân tỉnh Bắc Kạn",D01.150.07,"Tòa án nhân dân khu vực 7 - Thái Nguyên","Tỉnh Bắc Kạn"
D01.29.04,"Tòa án nhân dân huyện Chợ Đồn, tỉnh Bắc Kạn",OLD,D01.29,"Tòa án nhân dân tỉnh Bắc Kạn",D01.150.07,"Tòa án nhân dân khu vực 7 - Thái Nguyên","Tỉnh Bắc Kạn"
D01.29.05,"Tòa án nhân dân huyện Chợ Mới, tỉnh Bắc Kạn",OLD,D01.29,"Tòa án nhân dân tỉnh Bắc Kạn",D01.150.06,"Tòa án nhân dân khu vực 6 - Thái Nguyên","Tỉnh Bắc Kạn"
D01.29.06,"Tòa án nhân dân huyện Na Rì, tỉnh Bắc Kạn",OLD,D01.29,"Tòa án nhân dân tỉnh Bắc Kạn",D01.150.08,"Tòa án nhân dân khu vực 8 - Thái Nguyên","Tỉnh Bắc Kạn"
D01.29.07,"Tòa án nhân dân huyện Ngân Sơn, tỉnh Bắc Kạn",OLD,D01.29,"Tòa án nhân dân tỉnh Bắc Kạn",D01.150.08,"Tòa án nhân dân khu vực 8 - Thái Nguyên","Tỉnh Bắc Kạn"
D01.29.08,"Tòa án nhân dân huyện Pác Nặm, tỉnh Bắc Kạn",OLD,D01.29,"Tòa án nhân dân tỉnh Bắc Kạn",D01.150.09,"Tòa án nhân dân khu vực 9 - Thái Nguyên","Tỉnh Bắc Kạn"
D01.30.01,"Tòa án nhân dân thị xã Bạc Liêu, tỉnh Bạc Liêu",OLD,D01.30,"Tòa án nhân dân tỉnh Bạc Liêu",D01.122.06,"Tòa án nhân dân khu vực 6 - Cà Mau","Tỉnh Bạc Liêu"
D01.30.02,"Tòa án nhân dân huyện Đông Hải, tỉnh Bạc Liêu",OLD,D01.30,"Tòa án nhân dân tỉnh Bạc Liêu",D01.122.08,"Tòa án nhân dân khu vực 8 - Cà Mau","Tỉnh Bạc Liêu"
D01.30.03,"Tòa án nhân dân huyện Giá Rai, tỉnh Bạc Liêu",OLD,D01.30,"Tòa án nhân dân tỉnh Bạc Liêu",D01.122.08,"Tòa án nhân dân khu vực 8 - Cà Mau","Tỉnh Bạc Liêu"
D01.30.04,"Tòa án nhân dân huyện Hòa Bình, tỉnh Bạc Liêu",OLD,D01.30,"Tòa án nhân dân tỉnh Bạc Liêu",D01.122.07,"Tòa án nhân dân khu vực 7 - Cà Mau","Tỉnh Bạc Liêu"
D01.30.05,"Tòa án nhân dân huyện Hồng Dân, tỉnh Bạc Liêu",OLD,D01.30,"Tòa án nhân dân tỉnh Bạc Liêu",D01.122.09,"Tòa án nhân dân khu vực 9 - Cà Mau","Tỉnh Bạc Liêu"
D01.30.06,"Tòa án nhân dân huyện Phước Long, tỉnh Bạc Liêu",OLD,D01.30,"Tòa án nhân dân tỉnh Bạc Liêu",D01.122.09,"Tòa án nhân dân khu vực 9 - Cà Mau","Tỉnh Bạc Liêu"
D01.30.07,"Tòa án nhân dân huyện Vĩnh Lợi, tỉnh Bạc Liêu",OLD,D01.30,"Tòa án nhân dân tỉnh Bạc Liêu",D01.122.07,"Tòa án nhân dân khu vực 7 - Cà Mau","Tỉnh Bạc Liêu"
D01.31.01,"Tòa án nhân dân thành phố Bắc Ninh, tỉnh Bắc Ninh",OLD,D01.31,"Tòa án nhân dân tỉnh Bắc Ninh",D01.121.06,"Tòa án nhân dân khu vực 6 - Bắc Ninh","Tỉnh Bắc Ninh"
D01.31.02,"Tòa án nhân dân Thành phố Từ Sơn, tỉnh Bắc Ninh",OLD,D01.31,"Tòa án nhân dân tỉnh Bắc Ninh",D01.121.07,"Tòa án nhân dân khu vực 7 - Bắc Ninh","Tỉnh Bắc Ninh"
D01.31.03,"Tòa án nhân dân huyện Gia Bình, tỉnh Bắc Ninh",OLD,D01.31,"Tòa án nhân dân tỉnh Bắc Ninh",D01.121.09,"Tòa án nhân dân khu vực 9 - Bắc Ninh","Tỉnh Bắc Ninh"
D01.31.04,"Tòa án nhân dân huyện Lương Tài, tỉnh Bắc Ninh",OLD,D01.31,"Tòa án nhân dân tỉnh Bắc Ninh",D01.121.09,"Tòa án nhân dân khu vực 9 - Bắc Ninh","Tỉnh Bắc Ninh"
D01.31.05,"Tòa án nhân dân huyện Quế Võ, tỉnh Bắc Ninh",OLD,D01.31,"Tòa án nhân dân tỉnh Bắc Ninh",D01.121.08,"Tòa án nhân dân khu vực 8 - Bắc Ninh","Tỉnh Bắc Ninh"
D01.31.06,"Tòa án nhân dân huyện Thuận Thành, tỉnh Bắc Ninh",OLD,D01.31,"Tòa án nhân dân tỉnh Bắc Ninh",D01.121.09,"Tòa án nhân dân khu vực 9 - Bắc Ninh","Tỉnh Bắc Ninh"
D01.31.07,"Tòa án nhân dân huyện Tiên Du, tỉnh Bắc Ninh",OLD,D01.31,"Tòa án nhân dân tỉnh Bắc Ninh",D01.121.08,"Tòa án nhân dân khu vực 8 - Bắc Ninh","Tỉnh Bắc Ninh"
D01.31.08,"Tòa án nhân dân huyện Yên Phong, tỉnh Bắc Ninh",OLD,D01.31,"Tòa án nhân dân tỉnh Bắc Ninh",D01.121.07,"Tòa án nhân dân khu vực 7 - Bắc Ninh","Tỉnh Bắc Ninh"
D01.32.01,"Tòa án nhân dân Thành phố Bến Tre, tỉnh Bến Tre",OLD,D01.32,"Tòa án nhân dân tỉnh Bến Tre",D01.153.05,"Tòa án nhân dân khu vực 5 - Vĩnh Long","Tỉnh Bến Tre"
D01.32.02,"Tòa án nhân dân Huyện Ba Tri, tỉnh Bến Tre",OLD,D01.32,"Tòa án nhân dân tỉnh Bến Tre",D01.153.08,"Tòa án nhân dân khu vực 8 - Vĩnh Long","Tỉnh Bến Tre"
D01.32.03,"Tòa án nhân dân Huyện Bình Đại, tỉnh Bến Tre",OLD,D01.32,"Tòa án nhân dân tỉnh Bến Tre",D01.153.08,"Tòa án nhân dân khu vực 8 - Vĩnh Long","Tỉnh Bến Tre"
D01.32.04,"Tòa án nhân dân Huyện Châu Thành, tỉnh Bến Tre",OLD,D01.32,"Tòa án nhân dân tỉnh Bến Tre",D01.153.05,"Tòa án nhân dân khu vực 5 - Vĩnh Long","Tỉnh Bến Tre"
D01.32.05,"Tòa án nhân dân Huyện Chợ Lách, tỉnh Bến Tre",OLD,D01.32,"Tòa án nhân dân tỉnh Bến Tre",D01.153.06,"Tòa án nhân dân khu vực 6 - Vĩnh Long","Tỉnh Bến Tre"
D01.32.06,"Tòa án nhân dân Huyện Giồng Trôm, tỉnh Bến Tre",OLD,D01.32,"Tòa án nhân dân tỉnh Bến Tre",D01.153.07,"Tòa án nhân dân khu vực 7 - Vĩnh Long","Tỉnh Bến Tre"
D01.32.07,"Tòa án nhân dân Huyện Mỏ Cày Bắc, tỉnh Bến Tre",OLD,D01.32,"Tòa án nhân dân tỉnh Bến Tre",D01.153.06,"Tòa án nhân dân khu vực 6 - Vĩnh Long","Tỉnh Bến Tre"
D01.32.08,"Tòa án nhân dân Huyện Mỏ Cày Nam, tỉnh Bến Tre",OLD,D01.32,"Tòa án nhân dân tỉnh Bến Tre",D01.153.09,"Tòa án nhân dân khu vực 9 - Vĩnh Long","Tỉnh Bến Tre"
D01.32.09,"Tòa án nhân dân Huyện Thạnh Phú, tỉnh Bến Tre",OLD,D01.32,"Tòa án nhân dân tỉnh Bến Tre",D01.153.09,"Tòa án nhân dân khu vực 9 - Vĩnh Long","Tỉnh Bến Tre"
D01.33.01,"Tòa án nhân dân thành phố Thủ Dầu Một, tỉnh Bình Dương",OLD,D01.33,"Tòa án nhân dân tỉnh Bình Dương",D01.134.15,"Tòa án nhân dân khu vực 15 - Hồ Chí Minh","Tỉnh Bình Dương"
D01.33.02,"Tòa án nhân dân thị xã Bến Cát, tỉnh Bình Dương",OLD,D01.33,"Tòa án nhân dân tỉnh Bình Dương",D01.134.18,"Tòa án nhân dân khu vực 18 - Hồ Chí Minh","Tỉnh Bình Dương"
D01.33.03,"Tòa án nhân dân thị xã Dĩ An, tỉnh Bình Dương",OLD,D01.33,"Tòa án nhân dân tỉnh Bình Dương",D01.134.16,"Tòa án nhân dân khu vực 16 - Hồ Chí Minh","Tỉnh Bình Dương"
D01.33.04,"Tòa án nhân dân thị xã Tân Uyên, tỉnh Bình Dương",OLD,D01.33,"Tòa án nhân dân tỉnh Bình Dương",D01.134.17,"Tòa án nhân dân khu vực 17 - Hồ Chí Minh","Tỉnh Bình Dương"
D01.33.05,"Tòa án nhân dân thị xã Thuận An, tỉnh Bình Dương",OLD,D01.33,"Tòa án nhân dân tỉnh Bình Dương",D01.134.16,"Tòa án nhân dân khu vực 16 - Hồ Chí Minh","Tỉnh Bình Dương"
D01.33.06,"Tòa án nhân dân huyện Bắc Tân Uyên, tỉnh Bình Dương",OLD,D01.33,"Tòa án nhân dân tỉnh Bình Dương",D01.134.17,"Tòa án nhân dân khu vực 17 - Hồ Chí Minh","Tỉnh Bình Dương"
D01.33.07,"Tòa án nhân dân huyện Bàu Bàng, tỉnh Bình Dương",OLD,D01.33,"Tòa án nhân dân tỉnh Bình Dương",D01.134.19,"Tòa án nhân dân khu vực 19 - Hồ Chí Minh","Tỉnh Bình Dương"
D01.33.08,"Tòa án nhân dân huyện Dầu Tiếng, tỉnh Bình Dương",OLD,D01.33,"Tòa án nhân dân tỉnh Bình Dương",D01.134.18,"Tòa án nhân dân khu vực 18 - Hồ Chí Minh","Tỉnh Bình Dương"
D01.33.09,"Tòa án nhân dân huyện Phú Giáo, tỉnh Bình Dương",OLD,D01.33,"Tòa án nhân dân tỉnh Bình Dương",D01.134.19,"Tòa án nhân dân khu vực 19 - Hồ Chí Minh","Tỉnh Bình Dương"
D01.34.01,"Tòa án nhân dân thành phố Qui nhơn, tỉnh Bình Định",OLD,D01.34,"Tòa án nhân dân tỉnh Bình Định",D01.130.01,"Tòa án nhân dân khu vực 1 - Gia Lai","Tỉnh Bình Định"
D01.34.02,"Tòa án nhân dân huyện An Nhơn, tỉnh Bình Định",OLD,D01.34,"Tòa án nhân dân tỉnh Bình Định",D01.130.02,"Tòa án nhân dân khu vực 2 - Gia Lai","Tỉnh Bình Định"
D01.34.03,"Tòa án nhân dân huyện An Lão, tỉnh Bình Định",OLD,D01.34,"Tòa án nhân dân tỉnh Bình Định",D01.130.05,"Tòa án nhân dân khu vực 5 - Gia Lai","Tỉnh Bình Định"
D01.34.04,"Tòa án nhân dân huyện Hoài Ân, tỉnh Bình Định",OLD,D01.34,"Tòa án nhân dân tỉnh Bình Định",D01.130.05,"Tòa án nhân dân khu vực 5 - Gia Lai","Tỉnh Bình Định"
D01.34.05,"Tòa án nhân dân huyện Hoài Nhơn, tỉnh Bình Định",OLD,D01.34,"Tòa án nhân dân tỉnh Bình Định",D01.130.06,"Tòa án nhân dân khu vực 6 - Gia Lai","Tỉnh Bình Định"
D01.34.06,"Tòa án nhân dân huyện Phù Cát, tỉnh Bình Định",OLD,D01.34,"Tòa án nhân dân tỉnh Bình Định",D01.130.03,"Tòa án nhân dân khu vực 3 - Gia Lai","Tỉnh Bình Định"
D01.34.07,"Tòa án nhân dân huyện Phù Mỹ, tỉnh Bình Định",OLD,D01.34,"Tòa án nhân dân tỉnh Bình Định",D01.130.03,"Tòa án nhân dân khu vực 3 - Gia Lai","Tỉnh Bình Định"
D01.34.08,"Tòa án nhân dân huyện Tây Sơn, tỉnh Bình Định",OLD,D01.34,"Tòa án nhân dân tỉnh Bình Định",D01.130.04,"Tòa án nhân dân khu vực 4 - Gia Lai","Tỉnh Bình Định"
D01.34.09,"Tòa án nhân dân huyện Tuy Phước, tỉnh Bình Định",OLD,D01.34,"Tòa án nhân dân tỉnh Bình Định",D01.130.02,"Tòa án nhân dân khu vực 2 - Gia Lai","Tỉnh Bình Định"
D01.34.10,"Tòa án nhân dân huyện Vân Canh, tỉnh Bình Định",OLD,D01.34,"Tòa án nhân dân tỉnh Bình Định",D01.130.02,"Tòa án nhân dân khu vực 2 - Gia Lai","Tỉnh Bình Định"
D01.34.11,"Tòa án nhân dân huyện Vĩnh Thạch, tỉnh Bình Định",OLD,D01.34,"Tòa án nhân dân tỉnh Bình Định",D01.130.04,"Tòa án nhân dân khu vực 4 - Gia Lai","Tỉnh Bình Định"
D01.35.01,"Tòa án nhân dân thị xã Bình Long, tỉnh Bình Phước",OLD,D01.35,"Tòa án nhân dân tỉnh Bình Phước",D01.128.10,"Tòa án nhân dân khu vực 10 - Đồng Nai","Tỉnh Bình Phước"
D01.35.02,"Tòa án nhân dân thị xã Đồng Xoài, tỉnh Bình Phước",OLD,D01.35,"Tòa án nhân dân tỉnh Bình Phước",D01.128.09,"Tòa án nhân dân khu vực 9 - Đồng Nai","Tỉnh Bình Phước"
D01.35.03,"Tòa án nhân dân thị xã Phước Long, tỉnh Bình Phước",OLD,D01.35,"Tòa án nhân dân tỉnh Bình Phước",D01.128.11,"Tòa án nhân dân khu vực 11 - Đồng Nai","Tỉnh Bình Phước"
D01.35.04,"Tòa án nhân dân huyện Bù Đăng, tỉnh Bình Phước",OLD,D01.35,"Tòa án nhân dân tỉnh Bình Phước",D01.128.12,"Tòa án nhân dân khu vực 12 - Đồng Nai","Tỉnh Bình Phước"
D01.35.05,"Tòa án nhân dân huyện Bù Đốp, tỉnh Bình Phước",OLD,D01.35,"Tòa án nhân dân tỉnh Bình Phước",D01.128.13,"Tòa án nhân dân khu vực 13 - Đồng Nai","Tỉnh Bình Phước"
D01.35.06,"Tòa án nhân dân huyện Bù Gia Mập, tỉnh Bình Phước",OLD,D01.35,"Tòa án nhân dân tỉnh Bình Phước",D01.128.13,"Tòa án nhân dân khu vực 13 - Đồng Nai","Tỉnh Bình Phước"
D01.35.07,"Tòa án nhân dân huyện Chơn Thành, tỉnh Bình Phước",OLD,D01.35,"Tòa án nhân dân tỉnh Bình Phước",D01.128.10,"Tòa án nhân dân khu vực 10 - Đồng Nai","Tỉnh Bình Phước"
D01.35.08,"Tòa án nhân dân huyện Đồng Phú, tỉnh Bình Phước",OLD,D01.35,"Tòa án nhân dân tỉnh Bình Phước",D01.128.09,"Tòa án nhân dân khu vực 9 - Đồng Nai","Tỉnh Bình Phước"
D01.35.09,"Tòa án nhân dân huyện Hớn Quản, tỉnh Bình Phước",OLD,D01.35,"Tòa án nhân dân tỉnh Bình Phước",D01.128.10,"Tòa án nhân dân khu vực 10 - Đồng Nai","Tỉnh Bình Phước"
D01.35.10,"Tòa án nhân dân huyện Lộc Ninh, tỉnh Bình Phước",OLD,D01.35,"Tòa án nhân dân tỉnh Bình Phước",D01.128.14,"Tòa án nhân dân khu vực 14 - Đồng Nai","Tỉnh Bình Phước"
D01.35.11,"Tòa án nhân dân huyện Phú Riềng, tỉnh Bình Phước",OLD,D01.35,"Tòa án nhân dân tỉnh Bình Phước",D01.128.11,"Tòa án nhân dân khu vực 11 - Đồng Nai","Tỉnh Bình Phước"
D01.36.01,"Tòa án nhân dân thành phố Phan Thiết, tỉnh Bình Thuận",OLD,D01.36,"Tòa án nhân dân tỉnh Bình Thuận",D01.141.10,"Tòa án nhân dân khu vực 10 - Lâm Đồng","Tỉnh Bình Thuận"
D01.36.02,"Tòa án nhân dân thị xã La Gi, tỉnh Bình Thuận",OLD,D01.36,"Tòa án nhân dân tỉnh Bình Thuận",D01.141.15,"Tòa án nhân dân khu vực 15 - Lâm Đồng","Tỉnh Bình Thuận"
D01.36.03,"Tòa án nhân dân huyện Bắc Bình, tỉnh Bình Thuận",OLD,D01.36,"Tòa án nhân dân tỉnh Bình Thuận",D01.141.13,"Tòa án nhân dân khu vực 13 - Lâm Đồng","Tỉnh Bình Thuận"
D01.36.04,"Tòa án nhân dân huyện Đức Linh, tỉnh Bình Thuận",OLD,D01.36,"Tòa án nhân dân tỉnh Bình Thuận",D01.141.17,"Tòa án nhân dân khu vực 17 - Lâm Đồng","Tỉnh Bình Thuận"
D01.36.05,"Tòa án nhân dân huyện Hàm Tân, tỉnh Bình Thuận",OLD,D01.36,"Tòa án nhân dân tỉnh Bình Thuận",D01.141.15,"Tòa án nhân dân khu vực 15 - Lâm Đồng","Tỉnh Bình Thuận"
D01.36.06,"Tòa án nhân dân huyện Hàm Thuận Bắc, tỉnh Bình Thuận",OLD,D01.36,"Tòa án nhân dân tỉnh Bình Thuận",D01.141.12,"Tòa án nhân dân khu vực 12 - Lâm Đồng","Tỉnh Bình Thuận"
D01.36.07,"Tòa án nhân dân huyện Hàm Thuận Nam, tỉnh Bình Thuận",OLD,D01.36,"Tòa án nhân dân tỉnh Bình Thuận",D01.141.11,"Tòa án nhân dân khu vực 11 - Lâm Đồng","Tỉnh Bình Thuận"
D01.36.08,"Tòa án nhân dân huyện Phú Quý, tỉnh Bình Thuận",OLD,D01.36,"Tòa án nhân dân tỉnh Bình Thuận",D01.141.10,"Tòa án nhân dân khu vực 10 - Lâm Đồng","Tỉnh Bình Thuận"
D01.36.09,"Tòa án nhân dân huyện Tánh Linh, tỉnh Bình Thuận",OLD,D01.36,"Tòa án nhân dân tỉnh Bình Thuận",D01.141.16,"Tòa án nhân dân khu vực 16 - Lâm Đồng","Tỉnh Bình Thuận"
D01.36.10,"Tòa án nhân dân huyện Tuy Phong, tỉnh Bình Thuận",OLD,D01.36,"Tòa án nhân dân tỉnh Bình Thuận",D01.141.14,"Tòa án nhân dân khu vực 14 - Lâm Đồng","Tỉnh Bình Thuận"
D01.37.01,"Tòa án nhân dân thành phố Cà Mau, tỉnh Cà Mau",OLD,D01.37,"Tòa án nhân dân Thành phố Cần Thơ",D01.122.01,"Tòa án nhân dân khu vực 1 - Cà Mau","Tỉnh Cà Mau"
D01.37.02,"Tòa án nhân dân huyện Cái Nước, tỉnh Cà Mau",OLD,D01.37,"Tòa án nhân dân Thành phố Cần Thơ",D01.122.04,"Tòa án nhân dân khu vực 4 - Cà Mau","Tỉnh Cà Mau"
D01.37.03,"Tòa án nhân dân huyện Đầm Dơi, tỉnh Cà Mau",OLD,D01.37,"Tòa án nhân dân Thành phố Cần Thơ",D01.122.04,"Tòa án nhân dân khu vực 4 - Cà Mau","Tỉnh Cà Mau"
D01.37.04,"Tòa án nhân dân huyện Năm Căn, tỉnh Cà Mau",OLD,D01.37,"Tòa án nhân dân Thành phố Cần Thơ",D01.122.05,"Tòa án nhân dân khu vực 5 - Cà Mau","Tỉnh Cà Mau"
D01.37.05,"Tòa án nhân dân huyện Ngọc Hiển, tỉnh Cà Mau",OLD,D01.37,"Tòa án nhân dân Thành phố Cần Thơ",D01.122.05,"Tòa án nhân dân khu vực 5 - Cà Mau","Tỉnh Cà Mau"
D01.37.06,"Tòa án nhân dân huyện Phú Tân, tỉnh Cà Mau",OLD,D01.37,"Tòa án nhân dân Thành phố Cần Thơ",D01.122.03,"Tòa án nhân dân khu vực 3 - Cà Mau","Tỉnh Cà Mau"
D01.37.07,"Tòa án nhân dân huyện Thới Bình, tỉnh Cà Mau",OLD,D01.37,"Tòa án nhân dân Thành phố Cần Thơ",D01.122.02,"Tòa án nhân dân khu vực 2 - Cà Mau","Tỉnh Cà Mau"
D01.37.08,"Tòa án nhân dân huyện Trần Văn Thời, tỉnh Cà Mau",OLD,D01.37,"Tòa án nhân dân Thành phố Cần Thơ",D01.122.03,"Tòa án nhân dân khu vực 3 - Cà Mau","Tỉnh Cà Mau"
D01.37.09,"Tòa án nhân dân huyện U Minh, tỉnh Cà Mau",OLD,D01.37,"Tòa án nhân dân Thành phố Cần Thơ",D01.122.02,"Tòa án nhân dân khu vực 2 - Cà Mau","Tỉnh Cà Mau"
D01.38.01,"Tòa án nhân dân quận Bình Thuỷ, thành phố Cần Thơ",OLD,D01.38,"Tòa án nhân dân Thành phố Cần Thơ",D01.124.02,"Tòa án nhân dân khu vực 2 - Cần Thơ","Thành phố Cần Thơ"
D01.38.02,"Tòa án nhân dân quận Cái Răng, thành phố Cần Thơ",OLD,D01.38,"Tòa án nhân dân Thành phố Cần Thơ",D01.124.03,"Tòa án nhân dân khu vực 3 - Cần Thơ","Thành phố Cần Thơ"
D01.38.03,"Tòa án nhân dân quận Ninh Kiều, thành phố Cần Thơ",OLD,D01.38,"Tòa án nhân dân Thành phố Cần Thơ",D01.124.01,"Tòa án nhân dân khu vực 1 - Cần Thơ","Thành phố Cần Thơ"
D01.38.04,"Tòa án nhân dân quận Ô Môn, thành phố Cần Thơ",OLD,D01.38,"Tòa án nhân dân Thành phố Cần Thơ",D01.124.02,"Tòa án nhân dân khu vực 2 - Cần Thơ","Thành phố Cần Thơ"
D01.38.05,"Tòa án nhân dân quận Thốt Nốt, thành phố Cần Thơ",OLD,D01.38,"Tòa án nhân dân Thành phố Cần Thơ",D01.124.04,"Tòa án nhân dân khu vực 4 - Cần Thơ","Thành phố Cần Thơ"
D01.38.06,"Tòa án nhân dân huyện Cờ Đỏ, thành phố Cần Thơ",OLD,D01.38,"Tòa án nhân dân Thành phố Cần Thơ",D01.124.04,"Tòa án nhân dân khu vực 4 - Cần Thơ","Thành phố Cần Thơ"
D01.38.07,"Tòa án nhân dân huyện Phong Điền, thành phố Cần Thơ",OLD,D01.38,"Tòa án nhân dân Thành phố Cần Thơ",D01.124.03,"Tòa án nhân dân khu vực 3 - Cần Thơ","Thành phố Cần Thơ"
D01.38.08,"Tòa án nhân dân huyện Thới Lai, thành phố Cần Thơ",OLD,D01.38,"Tòa án nhân dân Thành phố Cần Thơ",D01.124.03,"Tòa án nhân dân khu vực 3 - Cần Thơ","Thành phố Cần Thơ"
D01.38.09,"Tòa án nhân dân huyện Vĩnh Thạnh, thành phố Cần Thơ",OLD,D01.38,"Tòa án nhân dân Thành phố Cần Thơ",D01.124.04,"Tòa án nhân dân khu vực 4 - Cần Thơ","Thành phố Cần Thơ"
D01.39.01,"Tòa án nhân dân thành phố Cao Bằng, tỉnh Cao Bằng",OLD,D01.39,"Tòa án nhân dân tỉnh Cao Bằng",D01.123.01,"Tòa án nhân dân khu vực 1 - Cao Bằng","Tỉnh Cao Bằng"
D01.39.02,"Tòa án nhân dân huyện Bảo Lạc, tỉnh Cao Bằng",OLD,D01.39,"Tòa án nhân dân tỉnh Cao Bằng",D01.123.05,"Tòa án nhân dân khu vực 5 - Cao Bằng","Tỉnh Cao Bằng"
D01.39.03,"Tòa án nhân dân huyện Bảo Lâm, tỉnh Cao Bằng",OLD,D01.39,"Tòa án nhân dân tỉnh Cao Bằng",D01.123.05,"Tòa án nhân dân khu vực 5 - Cao Bằng","Tỉnh Cao Bằng"
D01.39.04,"Tòa án nhân dân huyện Hạ Lang, tỉnh Cao Bằng",OLD,D01.39,"Tòa án nhân dân tỉnh Cao Bằng",D01.123.03,"Tòa án nhân dân khu vực 3 - Cao Bằng","Tỉnh Cao Bằng"
D01.39.05,"Tòa án nhân dân huyện Hà Quảng, tỉnh Cao Bằng",OLD,D01.39,"Tòa án nhân dân tỉnh Cao Bằng",D01.123.04,"Tòa án nhân dân khu vực 4 - Cao Bằng","Tỉnh Cao Bằng"
D01.39.06,"Tòa án nhân dân huyện Hòa An, tỉnh Cao Bằng",OLD,D01.39,"Tòa án nhân dân tỉnh Cao Bằng",D01.123.01,"Tòa án nhân dân khu vực 1 - Cao Bằng","Tỉnh Cao Bằng"
D01.39.07,"Tòa án nhân dân huyện Nguyên Bình, tỉnh Cao Bằng",OLD,D01.39,"Tòa án nhân dân tỉnh Cao Bằng",D01.123.04,"Tòa án nhân dân khu vực 4 - Cao Bằng","Tỉnh Cao Bằng"
D01.39.08,"Tòa án nhân dân huyện Quảng Hòa, tỉnh Cao Bằng",OLD,D01.39,"Tòa án nhân dân tỉnh Cao Bằng",D01.123.02,"Tòa án nhân dân khu vực 2 - Cao Bằng","Tỉnh Cao Bằng"
D01.39.09,"Tòa án nhân dân huyện Thạch An, tỉnh Cao Bằng",OLD,D01.39,"Tòa án nhân dân tỉnh Cao Bằng",D01.123.02,"Tòa án nhân dân khu vực 2 - Cao Bằng","Tỉnh Cao Bằng"
D01.39.10,"Tòa án nhân dân huyện Trùng Khánh, tỉnh Cao Bằng",OLD,D01.39,"Tòa án nhân dân tỉnh Cao Bằng",D01.123.03,"Tòa án nhân dân khu vực 3 - Cao Bằng","Tỉnh Cao Bằng"
D01.40.01,"Tòa án nhân dân quận Cẩm Lệ, thành phố Đà Nẵng",OLD,D01.40,"Tòa án nhân dân Thành phố Đà Nẵng",D01.125.03,"Tòa án nhân dân khu vực 3 - Đà Nẵng","Thành phố Đà Nẵng"
D01.40.02,"Tòa án nhân dân quận Hải Châu, thành phố Đà Nẵng",OLD,D01.40,"Tòa án nhân dân Thành phố Đà Nẵng",D01.125.01,"Tòa án nhân dân khu vực 1 - Đà Nẵng ","Thành phố Đà Nẵng"
D01.40.03,"Tòa án nhân dân quận Liên Chiểu, thành phố Đà Nẵng",OLD,D01.40,"Tòa án nhân dân Thành phố Đà Nẵng",D01.125.04,"Tòa án nhân dân khu vực 4 - Đà Nẵng","Thành phố Đà Nẵng"
D01.40.04,"Tòa án nhân dân quận Ngũ Hành Sơn, thành phố Đà Nẵng",OLD,D01.40,"Tòa án nhân dân Thành phố Đà Nẵng",D01.125.02,"Tòa án nhân dân khu vực 2 - Đà Nẵng","Thành phố Đà Nẵng"
D01.40.05,"Tòa án nhân dân quận Sơn Trà, thành phố Đà Nẵng",OLD,D01.40,"Tòa án nhân dân Thành phố Đà Nẵng",D01.125.02,"Tòa án nhân dân khu vực 2 - Đà Nẵng","Thành phố Đà Nẵng"
D01.40.06,"Tòa án nhân dân quận Thanh Khê, thành phố Đà Nẵng",OLD,D01.40,"Tòa án nhân dân Thành phố Đà Nẵng",D01.125.03,"Tòa án nhân dân khu vực 3 - Đà Nẵng","Thành phố Đà Nẵng"
D01.41.01,"Tòa án nhân dân thành phố Buôn Ma Thuột, tỉnh Đắk Lắk",OLD,D01.41,"Tòa án nhân dân tỉnh Đắk Lắk",D01.126.01,"Tòa án nhân dân khu vực 1 - Đắk Lắk","Tỉnh Đắk Lắk"
D01.41.02,"Tòa án nhân dân thị xã Buôn Hồ, tỉnh Đắk Lắk",OLD,D01.41,"Tòa án nhân dân tỉnh Đắk Lắk",D01.126.08,"Tòa án nhân dân khu vực 8 - Đắk Lắk","Tỉnh Đắk Lắk"
D01.41.03,"Tòa án nhân dân huyện Buôn Đôn, tỉnh Đắk Lắk",OLD,D01.41,"Tòa án nhân dân tỉnh Đắk Lắk",D01.126.02,"Tòa án nhân dân khu vực 2 - Đắk Lắk","Tỉnh Đắk Lắk"
D01.41.04,"Tòa án nhân dân huyện Cư Kuin, tỉnh Đắk Lắk",OLD,D01.41,"Tòa án nhân dân tỉnh Đắk Lắk",D01.126.05,"Tòa án nhân dân khu vực 5 - Đắk Lắk ","Tỉnh Đắk Lắk"
D01.41.05,"Tòa án nhân dân huyện Cư M'gar, tỉnh Đắk Lắk",OLD,D01.41,"Tòa án nhân dân tỉnh Đắk Lắk",D01.126.03,"Tòa án nhân dân khu vực 3 - Đắk Lắk","Tỉnh Đắk Lắk"
D01.41.06,"Tòa án nhân dân huyện Ea H'leo, tỉnh Đắk Lắk",OLD,D01.41,"Tòa án nhân dân tỉnh Đắk Lắk",D01.126.09,"Tòa án nhân dân khu vực 9 - Đắk Lắk","Tỉnh Đắk Lắk"
D01.41.07,"Tòa án nhân dân huyện Ea Kar, tỉnh Đắk Lắk",OLD,D01.41,"Tòa án nhân dân tỉnh Đắk Lắk",D01.126.07,"Tòa án nhân dân khu vực 7 - Đắk Lắk","Tỉnh Đắk Lắk"
D01.41.08,"Tòa án nhân dân huyện Ea Súp, tỉnh Đắk Lắk",OLD,D01.41,"Tòa án nhân dân tỉnh Đắk Lắk",D01.126.02,"Tòa án nhân dân khu vực 2 - Đắk Lắk","Tỉnh Đắk Lắk"
D01.41.09,"Tòa án nhân dân huyện Krông A Na, tỉnh Đắk Lắk",OLD,D01.41,"Tòa án nhân dân tỉnh Đắk Lắk",D01.126.05,"Tòa án nhân dân khu vực 5 - Đắk Lắk ","Tỉnh Đắk Lắk"
D01.41.10,"Tòa án nhân dân huyện Krông Bông, tỉnh Đắk Lắk",OLD,D01.41,"Tòa án nhân dân tỉnh Đắk Lắk",D01.126.06,"Tòa án nhân dân khu vực 6 - Đắk Lắk","Tỉnh Đắk Lắk"
D01.41.11,"Tòa án nhân dân huyện Krông Búk, tỉnh Đắk Lắk",OLD,D01.41,"Tòa án nhân dân tỉnh Đắk Lắk",D01.126.08,"Tòa án nhân dân khu vực 8 - Đắk Lắk","Tỉnh Đắk Lắk"
D01.41.12,"Tòa án nhân dân huyện Krông Năng, tỉnh Đắk Lắk",OLD,D01.41,"Tòa án nhân dân tỉnh Đắk Lắk",D01.126.10,"Tòa án nhân dân khu vực 10 - Đắk Lắk","Tỉnh Đắk Lắk"
D01.41.13,"Tòa án nhân dân huyện Krông Pắc, tỉnh Đắk Lắk",OLD,D01.41,"Tòa án nhân dân tỉnh Đắk Lắk",D01.126.04,"Tòa án nhân dân khu vực 4 - Đắk Lắk","Tỉnh Đắk Lắk"
D01.41.14,"Tòa án nhân dân huyện Lăk, tỉnh Đắk Lắk",OLD,D01.41,"Tòa án nhân dân tỉnh Đắk Lắk",D01.126.06,"Tòa án nhân dân khu vực 6 - Đắk Lắk","Tỉnh Đắk Lắk"
D01.41.15,"Tòa án nhân dân huyện M'Đrăk, tỉnh Đắk Lắk",OLD,D01.41,"Tòa án nhân dân tỉnh Đắk Lắk",D01.126.07,"Tòa án nhân dân khu vực 7 - Đắk Lắk","Tỉnh Đắk Lắk"
D01.42.01,"Tòa án nhân dân thị xã Gia Nghĩa, tỉnh Đắk Nông",OLD,D01.42,"Tòa án nhân dân tỉnh Đắk Nông",D01.141.06,"Tòa án nhân dân khu vực 6 - Lâm Đồng","Tỉnh Đắk Nông"
D01.42.02,"Tòa án nhân dân huyện Cư Jút, tỉnh Đắk Nông",OLD,D01.42,"Tòa án nhân dân tỉnh Đắk Nông",D01.141.09,"Tòa án nhân dân khu vực 9 - Lâm Đồng","Tỉnh Đắk Nông"
D01.42.03,"Tòa án nhân dân huyện Dak G'Long, tỉnh Đắk Nông",OLD,D01.42,"Tòa án nhân dân tỉnh Đắk Nông",D01.141.06,"Tòa án nhân dân khu vực 6 - Lâm Đồng","Tỉnh Đắk Nông"
D01.42.04,"Tòa án nhân dân huyện Dak Mil, tỉnh Đắk Nông",OLD,D01.42,"Tòa án nhân dân tỉnh Đắk Nông",D01.141.08,"Tòa án nhân dân khu vực 8 - Lâm Đồng","Tỉnh Đắk Nông"
D01.42.05,"Tòa án nhân dân huyện Dak R'Lấp, tỉnh Đắk Nông",OLD,D01.42,"Tòa án nhân dân tỉnh Đắk Nông",D01.141.07,"Tòa án nhân dân khu vực 7 - Lâm Đồng","Tỉnh Đắk Nông"
D01.42.06,"Tòa án nhân dân huyện Dak Song, tỉnh Đắk Nông",OLD,D01.42,"Tòa án nhân dân tỉnh Đắk Nông",D01.141.08,"Tòa án nhân dân khu vực 8 - Lâm Đồng","Tỉnh Đắk Nông"
D01.42.07,"Tòa án nhân dân huyện Krông Nô, tỉnh Đắk Nông",OLD,D01.42,"Tòa án nhân dân tỉnh Đắk Nông",D01.141.09,"Tòa án nhân dân khu vực 9 - Lâm Đồng","Tỉnh Đắk Nông"
D01.42.08,"Tòa án nhân dân huyện Tuy Đức, tỉnh Đắk Nông",OLD,D01.42,"Tòa án nhân dân tỉnh Đắk Nông",D01.141.07,"Tòa án nhân dân khu vực 7 - Lâm Đồng","Tỉnh Đắk Nông"
D01.43.01,"Tòa án nhân dân thành phố Điện Biên Phủ, tỉnh Điện Biên",OLD,D01.43,"Tòa án nhân dân tỉnh Điện Biên",D01.127.01,"Tòa án nhân dân khu vực 1 - Điện Biên","Tỉnh Điện Biên"
D01.43.02,"Tòa án nhân dân thị xã Mường Lay, tỉnh Điện Biên",OLD,D01.43,"Tòa án nhân dân tỉnh Điện Biên",D01.127.04,"Tòa án nhân dân khu vực 4 - Điện Biên","Tỉnh Điện Biên"
D01.43.03,"Tòa án nhân dân huyện Điện Biên, tỉnh Điện Biên",OLD,D01.43,"Tòa án nhân dân tỉnh Điện Biên",D01.127.02,"Tòa án nhân dân khu vực 2 - Điện Biên","Tỉnh Điện Biên"
D01.43.04,"Tòa án nhân dân huyện Điện Biên Đông, tỉnh Điện Biên",OLD,D01.43,"Tòa án nhân dân tỉnh Điện Biên",D01.127.02,"Tòa án nhân dân khu vực 2 - Điện Biên","Tỉnh Điện Biên"
D01.43.05,"Tòa án nhân dân huyện Mường Ảng, tỉnh Điện Biên",OLD,D01.43,"Tòa án nhân dân tỉnh Điện Biên",D01.127.01,"Tòa án nhân dân khu vực 1 - Điện Biên","Tỉnh Điện Biên"
D01.43.06,"Tòa án nhân dân huyện Mường Chà, tỉnh Điện Biên",OLD,D01.43,"Tòa án nhân dân tỉnh Điện Biên",D01.127.04,"Tòa án nhân dân khu vực 4 - Điện Biên","Tỉnh Điện Biên"
D01.43.07,"Tòa án nhân dân huyện Mường Nhé, tỉnh Điện Biên",OLD,D01.43,"Tòa án nhân dân tỉnh Điện Biên",D01.127.05,"Tòa án nhân dân khu vực 5 - Điện Biên","Tỉnh Điện Biên"
D01.43.08,"Tòa án nhân dân huyện Nậm Pồ, tỉnh Điện Biên",OLD,D01.43,"Tòa án nhân dân tỉnh Điện Biên",D01.127.05,"Tòa án nhân dân khu vực 5 - Điện Biên","Tỉnh Điện Biên"
D01.43.09,"Tòa án nhân dân huyện Tủa Chùa, tỉnh Điện Biên",OLD,D01.43,"Tòa án nhân dân tỉnh Điện Biên",D01.127.03,"Tòa án nhân dân khu vực 3 - Điện Biên","Tỉnh Điện Biên"
D01.43.10,"Tòa án nhân dân huyện Tuần Giáo, tỉnh Điện Biên",OLD,D01.43,"Tòa án nhân dân tỉnh Điện Biên",D01.127.03,"Tòa án nhân dân khu vực 3 - Điện Biên","Tỉnh Điện Biên"
D01.44.01,"Tòa án nhân dân thành phố Biên Hòa, tỉnh Đồng Nai",OLD,D01.44,"Tòa án nhân dân tỉnh Đồng Nai",D01.128.01,"Tòa án nhân dân khu vực 1 - Đồng Nai","Tỉnh Đồng Nai"
D01.44.02,"Tòa án nhân dân thành phố Long Khánh, tỉnh Đồng Nai",OLD,D01.44,"Tòa án nhân dân tỉnh Đồng Nai",D01.128.04,"Tòa án nhân dân khu vực 4 - Đồng Nai","Tỉnh Đồng Nai"
D01.44.03,"Tòa án nhân dân huyện Cẩm Mỹ, tỉnh Đồng Nai",OLD,D01.44,"Tòa án nhân dân tỉnh Đồng Nai",D01.128.05,"Tòa án nhân dân khu vực 5 - Đồng Nai","Tỉnh Đồng Nai"
D01.44.04,"Tòa án nhân dân huyện Định Quán, tỉnh Đồng Nai",OLD,D01.44,"Tòa án nhân dân tỉnh Đồng Nai",D01.128.07,"Tòa án nhân dân khu vực 7 - Đồng Nai","Tỉnh Đồng Nai"
D01.44.05,"Tòa án nhân dân huyện Long Thành, tỉnh Đồng Nai",OLD,D01.44,"Tòa án nhân dân tỉnh Đồng Nai",D01.128.02,"Tòa án nhân dân khu vực 2 - Đồng Nai","Tỉnh Đồng Nai"
D01.44.06,"Tòa án nhân dân huyện Nhơn Trạch, tỉnh Đồng Nai",OLD,D01.44,"Tòa án nhân dân tỉnh Đồng Nai",D01.128.02,"Tòa án nhân dân khu vực 2 - Đồng Nai","Tỉnh Đồng Nai"
D01.44.07,"Tòa án nhân dân huyện Tân Phú, tỉnh Đồng Nai",OLD,D01.44,"Tòa án nhân dân tỉnh Đồng Nai",D01.128.08,"Tòa án nhân dân khu vực 8 - Đồng Nai","Tỉnh Đồng Nai"
D01.44.08,"Tòa án nhân dân huyện Thống Nhất, tỉnh Đồng Nai",OLD,D01.44,"Tòa án nhân dân tỉnh Đồng Nai",D01.128.04,"Tòa án nhân dân khu vực 4 - Đồng Nai","Tỉnh Đồng Nai"
D01.44.09,"Tòa án nhân dân huyện Trảng Bom, tỉnh Đồng Nai",OLD,D01.44,"Tòa án nhân dân tỉnh Đồng Nai",D01.128.03,"Tòa án nhân dân khu vực 3 - Đồng Nai","Tỉnh Đồng Nai"
D01.44.10,"Tòa án nhân dân huyện Vĩnh Cửu, tỉnh Đồng Nai",OLD,D01.44,"Tòa án nhân dân tỉnh Đồng Nai",D01.128.03,"Tòa án nhân dân khu vực 3 - Đồng Nai","Tỉnh Đồng Nai"
D01.44.11,"Tòa án nhân dân huyện Xuân Lộc, tỉnh Đồng Nai",OLD,D01.44,"Tòa án nhân dân tỉnh Đồng Nai",D01.128.06,"Tòa án nhân dân khu vực 6 - Đồng Nai","Tỉnh Đồng Nai"
D01.45.01,"Tòa án nhân dân thành phố Cao Lãnh, tỉnh Đồng Tháp",OLD,D01.45,"Tòa án nhân dân tỉnh Đồng Tháp",D01.129.06,"Tòa án nhân dân khu vực 6 - Đồng Tháp","Tỉnh Đồng Tháp"
D01.45.02,"Tòa án nhân dân thành phố Sa Đéc, tỉnh Đồng Tháp",OLD,D01.45,"Tòa án nhân dân tỉnh Đồng Tháp",D01.129.08,"Tòa án nhân dân khu vực 8 - Đồng Tháp","Tỉnh Đồng Tháp"
D01.45.03,"Tòa án nhân dân thị xã Hồng Ngự, tỉnh Đồng Tháp",OLD,D01.45,"Tòa án nhân dân tỉnh Đồng Tháp",D01.129.12,"Tòa án nhân dân khu vực 12 - Đồng Tháp","Tỉnh Đồng Tháp"
D01.45.04,"Tòa án nhân dân huyện Cao Lãnh, tỉnh Đồng Tháp",OLD,D01.45,"Tòa án nhân dân tỉnh Đồng Tháp",D01.129.08,"Tòa án nhân dân khu vực 8 - Đồng Tháp","Tỉnh Đồng Tháp"
D01.45.07,"Tòa án nhân dân huyện Lai Vung, tỉnh Đồng Tháp",OLD,D01.45,"Tòa án nhân dân tỉnh Đồng Tháp",D01.129.07,"Tòa án nhân dân khu vực 7 - Đồng Tháp","Tỉnh Đồng Tháp"
D01.45.08,"Tòa án nhân dân huyện Lấp Vò, tỉnh Đồng Tháp",OLD,D01.45,"Tòa án nhân dân tỉnh Đồng Tháp",D01.129.07,"Tòa án nhân dân khu vực 7 - Đồng Tháp","Tỉnh Đồng Tháp"
D01.45.09,"Tòa án nhân dân huyện Tam Nông, tỉnh Đồng Tháp",OLD,D01.45,"Tòa án nhân dân tỉnh Đồng Tháp",D01.129.11,"Tòa án nhân dân khu vực 11 - Đồng Tháp","Tỉnh Đồng Tháp"
D01.45.10,"Tòa án nhân dân huyện Tân Hồng, tỉnh Đồng Tháp",OLD,D01.45,"Tòa án nhân dân tỉnh Đồng Tháp",D01.129.12,"Tòa án nhân dân khu vực 12 - Đồng Tháp","Tỉnh Đồng Tháp"
D01.45.11,"Tòa án nhân dân huyện Thanh Bình, tỉnh Đồng Tháp",OLD,D01.45,"Tòa án nhân dân tỉnh Đồng Tháp",D01.129.11,"Tòa án nhân dân khu vực 11 - Đồng Tháp","Tỉnh Đồng Tháp"
D01.45.12,"Tòa án nhân dân huyện Tháp Mười, tỉnh Đồng Tháp",OLD,D01.45,"Tòa án nhân dân tỉnh Đồng Tháp",D01.129.10,"Tòa án nhân dân khu vực 10 - Đồng Tháp","Tỉnh Đồng Tháp"
D01.46.01,"Tòa án nhân dân thành phố Pleiku, tỉnh Gia Lai",OLD,D01.46,"Tòa án nhân dân tỉnh Gia Lai",D01.130.07,"Tòa án nhân dân khu vực 7 - Gia Lai","Tỉnh Gia Lai"
D01.46.02,"Tòa án nhân dân thị xã An Khê, tỉnh Gia Lai",OLD,D01.46,"Tòa án nhân dân tỉnh Gia Lai",D01.130.13,"Tòa án nhân dân khu vực 13 - Gia Lai","Tỉnh Gia Lai"
D01.46.03,"Tòa án nhân dân thị xã Ayun Pa, tỉnh Gia Lai",OLD,D01.46,"Tòa án nhân dân tỉnh Gia Lai",D01.130.12,"Tòa án nhân dân khu vực 12 - Gia Lai","Tỉnh Gia Lai"
D01.46.04,"Tòa án nhân dân huyện Chư Păh, tỉnh Gia Lai",OLD,D01.46,"Tòa án nhân dân tỉnh Gia Lai",D01.130.09,"Tòa án nhân dân khu vực 9 - Gia Lai","Tỉnh Gia Lai"
D01.46.05,"Tòa án nhân dân huyện Chư Prông, tỉnh Gia Lai",OLD,D01.46,"Tòa án nhân dân tỉnh Gia Lai",D01.130.08,"Tòa án nhân dân khu vực 8 - Gia Lai","Tỉnh Gia Lai"
D01.46.06,"Tòa án nhân dân huyện Chư Pưh, tỉnh Gia Lai",OLD,D01.46,"Tòa án nhân dân tỉnh Gia Lai",D01.130.11,"Tòa án nhân dân khu vực 11 - Gia Lai","Tỉnh Gia Lai"
D01.46.07,"Tòa án nhân dân huyện Chư Sê, tỉnh Gia Lai",OLD,D01.46,"Tòa án nhân dân tỉnh Gia Lai",D01.130.11,"Tòa án nhân dân khu vực 11 - Gia Lai","Tỉnh Gia Lai"
D01.46.08,"Tòa án nhân dân huyện Đắk Đoa, tỉnh Gia Lai",OLD,D01.46,"Tòa án nhân dân tỉnh Gia Lai",D01.130.10,"Tòa án nhân dân khu vực 10 - Gia Lai","Tỉnh Gia Lai"
D01.46.09,"Tòa án nhân dân huyện Đắk Pơ, tỉnh Gia Lai",OLD,D01.46,"Tòa án nhân dân tỉnh Gia Lai",D01.130.13,"Tòa án nhân dân khu vực 13 - Gia Lai","Tỉnh Gia Lai"
D01.46.10,"Tòa án nhân dân huyện Đức Cơ, tỉnh Gia Lai",OLD,D01.46,"Tòa án nhân dân tỉnh Gia Lai",D01.130.08,"Tòa án nhân dân khu vực 8 - Gia Lai","Tỉnh Gia Lai"
D01.46.11,"Tòa án nhân dân huyện Ia Grai, tỉnh Gia Lai",OLD,D01.46,"Tòa án nhân dân tỉnh Gia Lai",D01.130.09,"Tòa án nhân dân khu vực 9 - Gia Lai","Tỉnh Gia Lai"
D01.46.12,"Tòa án nhân dân huyện Ia Pa, tỉnh Gia Lai",OLD,D01.46,"Tòa án nhân dân tỉnh Gia Lai",D01.130.12,"Tòa án nhân dân khu vực 12 - Gia Lai","Tỉnh Gia Lai"
D01.46.13,"Tòa án nhân dân huyện KBang, tỉnh Gia Lai",OLD,D01.46,"Tòa án nhân dân tỉnh Gia Lai",D01.130.14,"Tòa án nhân dân khu vực 14 - Gia Lai","Tỉnh Gia Lai"
D01.46.14,"Tòa án nhân dân huyện Kông Chro, tỉnh Gia Lai",OLD,D01.46,"Tòa án nhân dân tỉnh Gia Lai",D01.130.13,"Tòa án nhân dân khu vực 13 - Gia Lai","Tỉnh Gia Lai"
D01.46.15,"Tòa án nhân dân huyện KrôngPa, tỉnh Gia Lai",OLD,D01.46,"Tòa án nhân dân tỉnh Gia Lai",D01.130.12,"Tòa án nhân dân khu vực 12 - Gia Lai","Tỉnh Gia Lai"
D01.46.16,"Tòa án nhân dân huyện Mang Yang, tỉnh Gia Lai",OLD,D01.46,"Tòa án nhân dân tỉnh Gia Lai",D01.130.10,"Tòa án nhân dân khu vực 10 - Gia Lai","Tỉnh Gia Lai"
D01.46.17,"Tòa án nhân dân huyện Phú Thiện, tỉnh Gia Lai",OLD,D01.46,"Tòa án nhân dân tỉnh Gia Lai",D01.130.12,"Tòa án nhân dân khu vực 12 - Gia Lai","Tỉnh Gia Lai"
D01.47.01,"Tòa án nhân dân thành phố Hà Giang, tỉnh Hà Giang",OLD,D01.47,"Tòa án nhân dân tỉnh Hà Giang",D01.152.04,"Tòa án nhân dân khu vực 4 - Tuyên Quang","Tỉnh Hà Giang"
D01.47.02,"Tòa án nhân dân huyện Vị Xuyên, tỉnh Hà Giang",OLD,D01.47,"Tòa án nhân dân tỉnh Hà Giang",D01.152.04,"Tòa án nhân dân khu vực 4 - Tuyên Quang","Tỉnh Hà Giang"
D01.47.03,"Tòa án nhân dân huyện Bắc Mê, tỉnh Hà Giang",OLD,D01.47,"Tòa án nhân dân tỉnh Hà Giang",D01.152.07,"Tòa án nhân dân khu vực 7 - Tuyên Quang","Tỉnh Hà Giang"
D01.47.04,"Tòa án nhân dân huyện Bắc Quang, tỉnh Hà Giang",OLD,D01.47,"Tòa án nhân dân tỉnh Hà Giang",D01.152.05,"Tòa án nhân dân khu vực 5 - Tuyên Quang","Tỉnh Hà Giang"
D01.47.05,"Tòa án nhân dân huyện Đồng Văn, tỉnh Hà Giang",OLD,D01.47,"Tòa án nhân dân tỉnh Hà Giang",D01.152.08,"Tòa án nhân dân khu vực 8 - Tuyên Quang","Tỉnh Hà Giang"
D01.47.06,"Tòa án nhân dân huyện Hoàng Su Phì, tỉnh Hà Giang",OLD,D01.47,"Tòa án nhân dân tỉnh Hà Giang",D01.152.06,"Tòa án nhân dân khu vực 6 - Tuyên Quang","Tỉnh Hà Giang"
D01.47.07,"Tòa án nhân dân huyện Mèo Vạc, tỉnh Hà Giang",OLD,D01.47,"Tòa án nhân dân tỉnh Hà Giang",D01.152.08,"Tòa án nhân dân khu vực 8 - Tuyên Quang","Tỉnh Hà Giang"
D01.47.08,"Tòa án nhân dân huyện Quản Bạ, tỉnh Hà Giang",OLD,D01.47,"Tòa án nhân dân tỉnh Hà Giang",D01.152.07,"Tòa án nhân dân khu vực 7 - Tuyên Quang","Tỉnh Hà Giang"
D01.47.09,"Tòa án nhân dân huyện Quang Bình, tỉnh Hà Giang",OLD,D01.47,"Tòa án nhân dân tỉnh Hà Giang",D01.152.05,"Tòa án nhân dân khu vực 5 - Tuyên Quang","Tỉnh Hà Giang"
D01.47.10,"Tòa án nhân dân huyện Xín Mần, tỉnh Hà Giang",OLD,D01.47,"Tòa án nhân dân tỉnh Hà Giang",D01.152.06,"Tòa án nhân dân khu vực 6 - Tuyên Quang","Tỉnh Hà Giang"
D01.47.11,"Tòa án nhân dân huyện Yên Minh, tỉnh Hà Giang",OLD,D01.47,"Tòa án nhân dân tỉnh Hà Giang",D01.152.08,"Tòa án nhân dân khu vực 8 - Tuyên Quang","Tỉnh Hà Giang"
D01.48.01,"Tòa án nhân dân thị xã Phủ Lý, tỉnh Hà Nam",OLD,D01.48,"Tòa án nhân dân tỉnh Hà Nam",D01.143.05,"Tòa án nhân dân khu vực 5 - Ninh Bình","Tỉnh Hà Nam"
D01.48.02,"Tòa án nhân dân huyện Bình Lục, tỉnh Hà Nam",OLD,D01.48,"Tòa án nhân dân tỉnh Hà Nam",D01.143.06,"Tòa án nhân dân khu vực 6 - Ninh Bình","Tỉnh Hà Nam"
D01.48.03,"Tòa án nhân dân huyện Duy Tiên, tỉnh Hà Nam",OLD,D01.48,"Tòa án nhân dân tỉnh Hà Nam",D01.143.06,"Tòa án nhân dân khu vực 6 - Ninh Bình","Tỉnh Hà Nam"
D01.48.04,"Tòa án nhân dân huyện Kim Bảng, tỉnh Hà Nam",OLD,D01.48,"Tòa án nhân dân tỉnh Hà Nam",D01.143.05,"Tòa án nhân dân khu vực 5 - Ninh Bình","Tỉnh Hà Nam"
D01.48.05,"Tòa án nhân dân huyện Lý Nhân, tỉnh Hà Nam",OLD,D01.48,"Tòa án nhân dân tỉnh Hà Nam",D01.143.06,"Tòa án nhân dân khu vực 6 - Ninh Bình","Tỉnh Hà Nam"
D01.48.06,"Tòa án nhân dân huyện Thanh Liêm, tỉnh Hà Nam",OLD,D01.48,"Tòa án nhân dân tỉnh Hà Nam",D01.143.05,"Tòa án nhân dân khu vực 5 - Ninh Bình","Tỉnh Hà Nam"
D01.49.01,"Tòa án nhân dân thị xã Sơn Tây, thành phố Hà Nội",OLD,D01.49,"Tòa án nhân dân Thành phố Hà Nội",D01.131.09,"Tòa án nhân dân khu vực 9 - Hà Nội","Thành phố Hà Nội"
D01.49.02,"Tòa án nhân dân quận Ba Đình, thành phố Hà Nội",OLD,D01.49,"Tòa án nhân dân Thành phố Hà Nội",D01.131.01,"Tòa án nhân dân khu vực 1 - Hà Nội","Thành phố Hà Nội"
D01.49.03,"Tòa án nhân dân quận Bắc Từ Liêm, thành phố Hà Nội",OLD,D01.49,"Tòa án nhân dân Thành phố Hà Nội",D01.131.04,"Tòa án nhân dân khu vực 4 - Hà Nội","Thành phố Hà Nội"
D01.49.04,"Tòa án nhân dân quận Cầu Giấy, thành phố Hà Nội",OLD,D01.49,"Tòa án nhân dân Thành phố Hà Nội",D01.131.04,"Tòa án nhân dân khu vực 4 - Hà Nội","Thành phố Hà Nội"
D01.49.05,"Tòa án nhân dân quận Đống Đa, thành phố Hà Nội",OLD,D01.49,"Tòa án nhân dân Thành phố Hà Nội",D01.131.02,"Tòa án nhân dân khu vực 2 - Hà Nội","Thành phố Hà Nội"
D01.49.06,"Tòa án nhân dân quận Hà Ðông, thành phố Hà Nội",OLD,D01.49,"Tòa án nhân dân Thành phố Hà Nội",D01.131.06,"Tòa án nhân dân khu vực 6 - Hà Nội","Thành phố Hà Nội"
D01.49.07,"Tòa án nhân dân quận Hai Bà Trưng, thành phố Hà Nội",OLD,D01.49,"Tòa án nhân dân Thành phố Hà Nội",D01.131.03,"Tòa án nhân dân khu vực 3 - Hà Nội","Thành phố Hà Nội"
D01.49.08,"Tòa án nhân dân quận Hoàn Kiếm, thành phố Hà Nội",OLD,D01.49,"Tòa án nhân dân Thành phố Hà Nội",D01.131.01,"Tòa án nhân dân khu vực 1 - Hà Nội","Thành phố Hà Nội"
D01.49.09,"Tòa án nhân dân quận Hoàng Mai, thành phố Hà Nội",OLD,D01.49,"Tòa án nhân dân Thành phố Hà Nội",D01.131.03,"Tòa án nhân dân khu vực 3 - Hà Nội","Thành phố Hà Nội"
D01.49.10,"Tòa án nhân dân quận Long Biên, thành phố Hà Nội",OLD,D01.49,"Tòa án nhân dân Thành phố Hà Nội",D01.131.05,"Tòa án nhân dân khu vực 5 - Hà Nội","Thành phố Hà Nội"
D01.49.11,"Tòa án nhân dân quận Nam Từ Liêm, thành phố Hà Nội",OLD,D01.49,"Tòa án nhân dân Thành phố Hà Nội",D01.131.04,"Tòa án nhân dân khu vực 4 - Hà Nội","Thành phố Hà Nội"
D01.49.12,"Tòa án nhân dân quận Tây Hồ, thành phố Hà Nội",OLD,D01.49,"Tòa án nhân dân Thành phố Hà Nội",D01.131.01,"Tòa án nhân dân khu vực 1 - Hà Nội","Thành phố Hà Nội"
D01.49.13,"Tòa án nhân dân quận Thanh Xuân, thành phố Hà Nội",OLD,D01.49,"Tòa án nhân dân Thành phố Hà Nội",D01.131.02,"Tòa án nhân dân khu vực 2 - Hà Nội","Thành phố Hà Nội"
D01.49.14,"Tòa án nhân dân huyện Ba Vì, thành phố Hà Nội",OLD,D01.49,"Tòa án nhân dân Thành phố Hà Nội",D01.131.09,"Tòa án nhân dân khu vực 9 - Hà Nội","Thành phố Hà Nội"
D01.49.15,"Tòa án nhân dân huyện Chương Mỹ, thành phố Hà Nội",OLD,D01.49,"Tòa án nhân dân Thành phố Hà Nội",D01.131.06,"Tòa án nhân dân khu vực 6 - Hà Nội","Thành phố Hà Nội"
D01.49.16,"Tòa án nhân dân huyện Đan Phượng, thành phố Hà Nội",OLD,D01.49,"Tòa án nhân dân Thành phố Hà Nội",D01.131.08,"Tòa án nhân dân khu vực 8 - Hà Nội","Thành phố Hà Nội"
D01.49.17,"Tòa án nhân dân huyện Đông Anh, thành phố Hà Nội",OLD,D01.49,"Tòa án nhân dân Thành phố Hà Nội",D01.131.07,"Tòa án nhân dân khu vực 7 - Hà Nội","Thành phố Hà Nội"
D01.49.18,"Tòa án nhân dân huyện Gia Lâm, thành phố Hà Nội",OLD,D01.49,"Tòa án nhân dân Thành phố Hà Nội",D01.131.05,"Tòa án nhân dân khu vực 5 - Hà Nội","Thành phố Hà Nội"
D01.49.19,"Tòa án nhân dân huyện Hoài Đức, thành phố Hà Nội",OLD,D01.49,"Tòa án nhân dân Thành phố Hà Nội",D01.131.08,"Tòa án nhân dân khu vực 8 - Hà Nội","Thành phố Hà Nội"
D01.49.20,"Tòa án nhân dân huyện Mê Linh, thành phố Hà Nội",OLD,D01.49,"Tòa án nhân dân Thành phố Hà Nội",D01.131.07,"Tòa án nhân dân khu vực 7 - Hà Nội","Thành phố Hà Nội"
D01.49.21,"Tòa án nhân dân huyện Mỹ Đức, thành phố Hà Nội",OLD,D01.49,"Tòa án nhân dân Thành phố Hà Nội",D01.131.12,"Tòa án nhân dân khu vực 12 - Hà Nội","Thành phố Hà Nội"
D01.49.22,"Tòa án nhân dân huyện Phú Xuyên, thành phố Hà Nội",OLD,D01.49,"Tòa án nhân dân Thành phố Hà Nội",D01.131.12,"Tòa án nhân dân khu vực 12 - Hà Nội","Thành phố Hà Nội"
D01.49.23,"Tòa án nhân dân huyện Phúc Thọ, thành phố Hà Nội",OLD,D01.49,"Tòa án nhân dân Thành phố Hà Nội",D01.131.09,"Tòa án nhân dân khu vực 9 - Hà Nội","Thành phố Hà Nội"
D01.49.24,"Tòa án nhân dân huyện Quốc Oai, thành phố Hà Nội",OLD,D01.49,"Tòa án nhân dân Thành phố Hà Nội",D01.131.10,"Tòa án nhân dân khu vực 10 - Hà Nội","Thành phố Hà Nội"
D01.49.25,"Tòa án nhân dân huyện Sóc Sơn, thành phố Hà Nội",OLD,D01.49,"Tòa án nhân dân Thành phố Hà Nội",D01.131.07,"Tòa án nhân dân khu vực 7 - Hà Nội","Thành phố Hà Nội"
D01.49.26,"Tòa án nhân dân huyện Thạch Thất, thành phố Hà Nội",OLD,D01.49,"Tòa án nhân dân Thành phố Hà Nội",D01.131.10,"Tòa án nhân dân khu vực 10 - Hà Nội","Thành phố Hà Nội"
D01.49.27,"Tòa án nhân dân huyện Thanh Oai, thành phố Hà Nội",OLD,D01.49,"Tòa án nhân dân Thành phố Hà Nội",D01.131.06,"Tòa án nhân dân khu vực 6 - Hà Nội","Thành phố Hà Nội"
D01.49.28,"Tòa án nhân dân huyện Thanh Trì, thành phố Hà Nội",OLD,D01.49,"Tòa án nhân dân Thành phố Hà Nội",D01.131.11,"Tòa án nhân dân khu vực 11 - Hà Nội","Thành phố Hà Nội"
D01.49.29,"Tòa án nhân dân huyện Thường Tín, thành phố Hà Nội",OLD,D01.49,"Tòa án nhân dân Thành phố Hà Nội",D01.131.11,"Tòa án nhân dân khu vực 11 - Hà Nội","Thành phố Hà Nội"
D01.49.30,"Tòa án nhân dân huyện Ứng Hòa, thành phố Hà Nội",OLD,D01.49,"Tòa án nhân dân Thành phố Hà Nội",D01.131.12,"Tòa án nhân dân khu vực 12 - Hà Nội","Thành phố Hà Nội"
D01.50.01,"Tòa án nhân dân thành phố Hà Tĩnh, tỉnh Hà Tĩnh",OLD,D01.50,"Tòa án nhân dân tỉnh Hà Tĩnh",D01.132.01,"Tòa án nhân dân khu vực 1 - Hà Tĩnh","Tỉnh Hà Tĩnh"
D01.50.02,"Tòa án nhân dân thị xã Hồng Lĩnh, tỉnh Hà Tĩnh",OLD,D01.50,"Tòa án nhân dân tỉnh Hà Tĩnh",D01.132.03,"Tòa án nhân dân khu vực 3 - Hà Tĩnh","Tỉnh Hà Tĩnh"
D01.50.03,"Tòa án nhân dân thị xã Kỳ Anh, tỉnh Hà Tĩnh",OLD,D01.50,"Tòa án nhân dân tỉnh Hà Tĩnh",D01.132.02,"Tòa án nhân dân khu vực 2 - Hà Tĩnh","Tỉnh Hà Tĩnh"
D01.50.04,"Tòa án nhân dân huyện Cẩm Xuyên, tỉnh Hà Tĩnh",OLD,D01.50,"Tòa án nhân dân tỉnh Hà Tĩnh",D01.132.01,"Tòa án nhân dân khu vực 1 - Hà Tĩnh","Tỉnh Hà Tĩnh"
D01.50.05,"Tòa án nhân dân huyện Can Lộc, tỉnh Hà Tĩnh",OLD,D01.50,"Tòa án nhân dân tỉnh Hà Tĩnh",D01.132.03,"Tòa án nhân dân khu vực 3 - Hà Tĩnh","Tỉnh Hà Tĩnh"
D01.50.06,"Tòa án nhân dân huyện Đức Thọ, tỉnh Hà Tĩnh",OLD,D01.50,"Tòa án nhân dân tỉnh Hà Tĩnh",D01.132.03,"Tòa án nhân dân khu vực 3 - Hà Tĩnh","Tỉnh Hà Tĩnh"
D01.50.07,"Tòa án nhân dân huyện Hương Khê, tỉnh Hà Tĩnh",OLD,D01.50,"Tòa án nhân dân tỉnh Hà Tĩnh",D01.132.04,"Tòa án nhân dân khu vực 4 - Hà Tĩnh","Tỉnh Hà Tĩnh"
D01.50.08,"Tòa án nhân dân huyện Hương Sơn, tỉnh Hà Tĩnh",OLD,D01.50,"Tòa án nhân dân tỉnh Hà Tĩnh",D01.132.05,"Tòa án nhân dân khu vực 5 - Hà Tĩnh","Tỉnh Hà Tĩnh"
D01.50.11,"Tòa án nhân dân huyện Nghi Xuân, tỉnh Hà Tĩnh",OLD,D01.50,"Tòa án nhân dân tỉnh Hà Tĩnh",D01.132.03,"Tòa án nhân dân khu vực 3 - Hà Tĩnh","Tỉnh Hà Tĩnh"
D01.50.12,"Tòa án nhân dân huyện Thạch Hà, tỉnh Hà Tĩnh",OLD,D01.50,"Tòa án nhân dân tỉnh Hà Tĩnh",D01.132.01,"Tòa án nhân dân khu vực 1 - Hà Tĩnh","Tỉnh Hà Tĩnh"
D01.50.13,"Tòa án nhân dân huyện Vũ Quang, tỉnh Hà Tĩnh",OLD,D01.50,"Tòa án nhân dân tỉnh Hà Tĩnh",D01.132.05,"Tòa án nhân dân khu vực 5 - Hà Tĩnh","Tỉnh Hà Tĩnh"
D01.51.01,"Tòa án nhân dân thành phố Hải Dương, tỉnh Hải Dương",OLD,D01.51,"Tòa án nhân dân tỉnh Hải Dương",D01.133.08,"Tòa án nhân dân khu vực 8 - Hải Phòng","Tỉnh Hải Dương"
D01.51.02,"Tòa án nhân dân thành phố Chí Linh, tỉnh Hải Dương",OLD,D01.51,"Tòa án nhân dân tỉnh Hải Dương",D01.133.09,"Tòa án nhân dân khu vực 9 - Hải Phòng","Tỉnh Hải Dương"
D01.51.03,"Tòa án nhân dân thị xã Kinh Môn, tỉnh Hải Dương",OLD,D01.51,"Tòa án nhân dân tỉnh Hải Dương",D01.133.10,"Tòa án nhân dân khu vực 10 - Hải Phòng","Tỉnh Hải Dương"
D01.51.04,"Tòa án nhân dân huyện Bình Giang, tỉnh Hải Dương",OLD,D01.51,"Tòa án nhân dân tỉnh Hải Dương",D01.133.12,"Tòa án nhân dân khu vực 12 - Hải Phòng","Tỉnh Hải Dương"
D01.51.05,"Tòa án nhân dân huyện Cẩm Giàng, tỉnh Hải Dương",OLD,D01.51,"Tòa án nhân dân tỉnh Hải Dương",D01.133.12,"Tòa án nhân dân khu vực 12 - Hải Phòng","Tỉnh Hải Dương"
D01.51.06,"Tòa án nhân dân huyện Gia Lộc, tỉnh Hải Dương",OLD,D01.51,"Tòa án nhân dân tỉnh Hải Dương",D01.133.11,"Tòa án nhân dân khu vực 11 - Hải Phòng","Tỉnh Hải Dương"
D01.51.07,"Tòa án nhân dân huyện Kim Thành, tỉnh Hải Dương",OLD,D01.51,"Tòa án nhân dân tỉnh Hải Dương",D01.133.10,"Tòa án nhân dân khu vực 10 - Hải Phòng","Tỉnh Hải Dương"
D01.51.08,"Tòa án nhân dân huyện Nam Sách, tỉnh Hải Dương",OLD,D01.51,"Tòa án nhân dân tỉnh Hải Dương",D01.133.09,"Tòa án nhân dân khu vực 9 - Hải Phòng","Tỉnh Hải Dương"
D01.51.09,"Tòa án nhân dân huyện Ninh Giang, tỉnh Hải Dương",OLD,D01.51,"Tòa án nhân dân tỉnh Hải Dương",D01.133.13,"Tòa án nhân dân khu vực 13 - Hải Phòng","Tỉnh Hải Dương"
D01.51.10,"Tòa án nhân dân huyện Thanh Hà, tỉnh Hải Dương",OLD,D01.51,"Tòa án nhân dân tỉnh Hải Dương",D01.133.08,"Tòa án nhân dân khu vực 8 - Hải Phòng","Tỉnh Hải Dương"
D01.51.11,"Tòa án nhân dân huyện Thanh Miện, tỉnh Hải Dương",OLD,D01.51,"Tòa án nhân dân tỉnh Hải Dương",D01.133.13,"Tòa án nhân dân khu vực 13 - Hải Phòng","Tỉnh Hải Dương"
D01.51.12,"Tòa án nhân dân huyện Tứ Kỳ, tỉnh Hải Dương",OLD,D01.51,"Tòa án nhân dân tỉnh Hải Dương",D01.133.11,"Tòa án nhân dân khu vực 11 - Hải Phòng","Tỉnh Hải Dương"
D01.52.01,"Tòa án nhân dân quận Đồ Sơn, thành phố Hải Phòng",OLD,D01.52,"Tòa án nhân dân Thành phố Hải Phòng",D01.133.06,"Tòa án nhân dân khu vực 6 - Hải Phòng","Thành phố Hải Phòng"
D01.52.02,"Tòa án nhân dân quận Dương Kinh, thành phố Hải Phòng",OLD,D01.52,"Tòa án nhân dân Thành phố Hải Phòng",D01.133.06,"Tòa án nhân dân khu vực 6 - Hải Phòng","Thành phố Hải Phòng"
D01.52.03,"Tòa án nhân dân quận Hải An, thành phố Hải Phòng",OLD,D01.52,"Tòa án nhân dân Thành phố Hải Phòng",D01.133.04,"Tòa án nhân dân khu vực 4 - Hải Phòng","Thành phố Hải Phòng"
D01.52.04,"Tòa án nhân dân quận Hồng Bàng, thành phố Hải Phòng",OLD,D01.52,"Tòa án nhân dân Thành phố Hải Phòng",D01.133.03,"Tòa án nhân dân khu vực 3 - Hải Phòng","Thành phố Hải Phòng"
D01.52.05,"Tòa án nhân dân quận Kiến An, thành phố Hải Phòng",OLD,D01.52,"Tòa án nhân dân Thành phố Hải Phòng",D01.133.05,"Tòa án nhân dân khu vực 5 - Hải Phòng","Thành phố Hải Phòng"
D01.52.06,"Tòa án nhân dân quận Lê Chân, thành phố Hải Phòng",OLD,D01.52,"Tòa án nhân dân Thành phố Hải Phòng",D01.133.05,"Tòa án nhân dân khu vực 5 - Hải Phòng","Thành phố Hải Phòng"
D01.52.07,"Tòa án nhân dân quận Ngô Quyền, thành phố Hải Phòng",OLD,D01.52,"Tòa án nhân dân Thành phố Hải Phòng",D01.133.03,"Tòa án nhân dân khu vực 3 - Hải Phòng","Thành phố Hải Phòng"
D01.52.08,"Tòa án nhân dân huyện An Dương, thành phố Hải Phòng",OLD,D01.52,"Tòa án nhân dân Thành phố Hải Phòng",D01.133.02,"Tòa án nhân dân khu vực 2 - Hải Phòng","Thành phố Hải Phòng"
D01.52.09,"Tòa án nhân dân huyện An Lão, thành phố Hải Phòng",OLD,D01.52,"Tòa án nhân dân Thành phố Hải Phòng",D01.133.02,"Tòa án nhân dân khu vực 2 - Hải Phòng","Thành phố Hải Phòng"
D01.52.10,"Tòa án nhân dân huyện Bạch Long Vĩ, thành phố Hải Phòng",OLD,D01.52,"Tòa án nhân dân Thành phố Hải Phòng",D01.133.04,"Tòa án nhân dân khu vực 4 - Hải Phòng","Thành phố Hải Phòng"
D01.52.11,"Tòa án nhân dân huyện Cát Hải, thành phố Hải Phòng",OLD,D01.52,"Tòa án nhân dân Thành phố Hải Phòng",D01.133.04,"Tòa án nhân dân khu vực 4 - Hải Phòng","Thành phố Hải Phòng"
D01.52.12,"Tòa án nhân dân huyện Kiến Thụy, thành phố Hải Phòng",OLD,D01.52,"Tòa án nhân dân Thành phố Hải Phòng",D01.133.06,"Tòa án nhân dân khu vực 6 - Hải Phòng","Thành phố Hải Phòng"
D01.52.13,"Tòa án nhân dân huyện Thủy Nguyên, thành phố Hải Phòng",OLD,D01.52,"Tòa án nhân dân Thành phố Hải Phòng",D01.133.01,"Tòa án nhân dân khu vực 1 - Hải Phòng","Thành phố Hải Phòng"
D01.52.14,"Tòa án nhân dân huyện Tiên Lãng, thành phố Hải Phòng",OLD,D01.52,"Tòa án nhân dân Thành phố Hải Phòng",D01.133.07,"Tòa án nhân dân khu vực 7 - Hải Phòng","Thành phố Hải Phòng"
D01.52.15,"Tòa án nhân dân huyện Vĩnh Bảo, thành phố Hải Phòng",OLD,D01.52,"Tòa án nhân dân Thành phố Hải Phòng",D01.133.07,"Tòa án nhân dân khu vực 7 - Hải Phòng","Thành phố Hải Phòng"
D01.53.01,"Tòa án nhân dân thị xã Long Mỹ, tỉnh Hậu Giang",OLD,D01.53,"Tòa án nhân dân tỉnh Hậu Giang",D01.124.12,"Tòa án nhân dân khu vực 12 - Cần Thơ","Tỉnh Hậu Giang"
D01.53.02,"Tòa án nhân dân thị xã Ngã Bảy, tỉnh Hậu Giang",OLD,D01.53,"Tòa án nhân dân tỉnh Hậu Giang",D01.124.13,"Tòa án nhân dân khu vực 13 - Cần Thơ","Tỉnh Hậu Giang"
D01.53.03,"Tòa án nhân dân thị xã Vị Thanh, tỉnh Hậu Giang",OLD,D01.53,"Tòa án nhân dân tỉnh Hậu Giang",D01.124.11,"Tòa án nhân dân khu vực 11 - Cần Thơ","Tỉnh Hậu Giang"
D01.53.04,"Tòa án nhân dân huyện Châu Thành, tỉnh Hậu Giang",OLD,D01.53,"Tòa án nhân dân tỉnh Hậu Giang",D01.124.14,"Tòa án nhân dân khu vực 14 - Cần Thơ","Tỉnh Hậu Giang"
D01.53.05,"Tòa án nhân dân huyện Châu Thành A, tỉnh Hậu Giang",OLD,D01.53,"Tòa án nhân dân tỉnh Hậu Giang",D01.124.14,"Tòa án nhân dân khu vực 14 - Cần Thơ","Tỉnh Hậu Giang"
D01.53.07,"Tòa án nhân dân huyện Phụng Hiệp, tỉnh Hậu Giang",OLD,D01.53,"Tòa án nhân dân tỉnh Hậu Giang",D01.124.13,"Tòa án nhân dân khu vực 13 - Cần Thơ","Tỉnh Hậu Giang"
D01.53.08,"Tòa án nhân dân huyện Vị Thuỷ, tỉnh Hậu Giang",OLD,D01.53,"Tòa án nhân dân tỉnh Hậu Giang",D01.124.11,"Tòa án nhân dân khu vực 11 - Cần Thơ","Tỉnh Hậu Giang"
D01.54.01,"Tòa án nhân dân thành phố Thủ Đức, thành phố Hồ Chí Minh",OLD,D01.54,"Tòa án nhân dân Thành phố Hồ Chí Minh",D01.134.02,"Tòa án nhân dân khu vực 2 - Hồ Chí Minh","Thành phố Hồ Chí Minh"
D01.54.02,"Tòa án nhân dân quận 1, thành phố Hồ Chí Minh",OLD,D01.54,"Tòa án nhân dân Thành phố Hồ Chí Minh",D01.134.01,"Tòa án nhân dân khu vực 1 - Hồ Chí Minh","Thành phố Hồ Chí Minh"
D01.54.03,"Tòa án nhân dân quận 3, thành phố Hồ Chí Minh",OLD,D01.54,"Tòa án nhân dân Thành phố Hồ Chí Minh",D01.134.01,"Tòa án nhân dân khu vực 1 - Hồ Chí Minh","Thành phố Hồ Chí Minh"
D01.54.04,"Tòa án nhân dân quận 4, thành phố Hồ Chí Minh",OLD,D01.54,"Tòa án nhân dân Thành phố Hồ Chí Minh",D01.134.01,"Tòa án nhân dân khu vực 1 - Hồ Chí Minh","Thành phố Hồ Chí Minh"
D01.54.05,"Tòa án nhân dân quận 5, thành phố Hồ Chí Minh",OLD,D01.54,"Tòa án nhân dân Thành phố Hồ Chí Minh",D01.134.03,"Tòa án nhân dân khu vực 3 - Hồ Chí Minh","Thành phố Hồ Chí Minh"
D01.54.06,"Tòa án nhân dân quận 6, thành phố Hồ Chí Minh",OLD,D01.54,"Tòa án nhân dân Thành phố Hồ Chí Minh",D01.134.03,"Tòa án nhân dân khu vực 3 - Hồ Chí Minh","Thành phố Hồ Chí Minh"
D01.54.07,"Tòa án nhân dân quận 7, thành phố Hồ Chí Minh",OLD,D01.54,"Tòa án nhân dân Thành phố Hồ Chí Minh",D01.134.06,"Tòa án nhân dân khu vực 6 - Hồ Chí Minh","Thành phố Hồ Chí Minh"
D01.54.08,"Tòa án nhân dân quận 8, thành phố Hồ Chí Minh",OLD,D01.54,"Tòa án nhân dân Thành phố Hồ Chí Minh",D01.134.10,"Tòa án nhân dân khu vực 10 - Hồ Chí Minh","Thành phố Hồ Chí Minh"
D01.54.09,"Tòa án nhân dân quận 10, thành phố Hồ Chí Minh",OLD,D01.54,"Tòa án nhân dân Thành phố Hồ Chí Minh",D01.134.04,"Tòa án nhân dân khu vực 4 - Hồ Chí Minh","Thành phố Hồ Chí Minh"
D01.54.10,"Tòa án nhân dân quận 11, thành phố Hồ Chí Minh",OLD,D01.54,"Tòa án nhân dân Thành phố Hồ Chí Minh",D01.134.03,"Tòa án nhân dân khu vực 3 - Hồ Chí Minh","Thành phố Hồ Chí Minh"
D01.54.11,"Tòa án nhân dân quận 12, thành phố Hồ Chí Minh",OLD,D01.54,"Tòa án nhân dân Thành phố Hồ Chí Minh",D01.134.07,"Tòa án nhân dân khu vực 7 - Hồ Chí Minh","Thành phố Hồ Chí Minh"
D01.54.12,"Tòa án nhân dân quận Bình Tân, thành phố Hồ Chí Minh",OLD,D01.54,"Tòa án nhân dân Thành phố Hồ Chí Minh",D01.134.09,"Tòa án nhân dân khu vực 9 - Hồ Chí Minh","Thành phố Hồ Chí Minh"
D01.54.13,"Tòa án nhân dân quận Bình Thạnh, thành phố Hồ Chí Minh",OLD,D01.54,"Tòa án nhân dân Thành phố Hồ Chí Minh",D01.134.05,"Tòa án nhân dân khu vực 5 - Hồ Chí Minh","Thành phố Hồ Chí Minh"
D01.54.14,"Tòa án nhân dân quận Gò Vấp, thành phố Hồ Chí Minh",OLD,D01.54,"Tòa án nhân dân Thành phố Hồ Chí Minh",D01.134.07,"Tòa án nhân dân khu vực 7 - Hồ Chí Minh","Thành phố Hồ Chí Minh"
D01.54.15,"Tòa án nhân dân quận Phú Nhuận, thành phố Hồ Chí Minh",OLD,D01.54,"Tòa án nhân dân Thành phố Hồ Chí Minh",D01.134.05,"Tòa án nhân dân khu vực 5 - Hồ Chí Minh","Thành phố Hồ Chí Minh"
D01.54.16,"Tòa án nhân dân quận Tân Bình, thành phố Hồ Chí Minh",OLD,D01.54,"Tòa án nhân dân Thành phố Hồ Chí Minh",D01.134.04,"Tòa án nhân dân khu vực 4 - Hồ Chí Minh","Thành phố Hồ Chí Minh"
D01.54.17,"Tòa án nhân dân quận Tân Phú, thành phố Hồ Chí Minh",OLD,D01.54,"Tòa án nhân dân Thành phố Hồ Chí Minh",D01.134.09,"Tòa án nhân dân khu vực 9 - Hồ Chí Minh","Thành phố Hồ Chí Minh"
D01.54.18,"Tòa án nhân dân huyện Bình Chánh, thành phố Hồ Chí Minh",OLD,D01.54,"Tòa án nhân dân Thành phố Hồ Chí Minh",D01.134.10,"Tòa án nhân dân khu vực 10 - Hồ Chí Minh","Thành phố Hồ Chí Minh"
D01.54.19,"Tòa án nhân dân huyện Cần Giờ, thành phố Hồ Chí Minh",OLD,D01.54,"Tòa án nhân dân Thành phố Hồ Chí Minh",D01.134.06,"Tòa án nhân dân khu vực 6 - Hồ Chí Minh","Thành phố Hồ Chí Minh"
D01.54.20,"Tòa án nhân dân huyện Củ Chi, thành phố Hồ Chí Minh",OLD,D01.54,"Tòa án nhân dân Thành phố Hồ Chí Minh",D01.134.08,"Tòa án nhân dân khu vực 8 - Hồ Chí Minh","Thành phố Hồ Chí Minh"
D01.54.21,"Tòa án nhân dân huyện Hóc Môn, thành phố Hồ Chí Minh",OLD,D01.54,"Tòa án nhân dân Thành phố Hồ Chí Minh",D01.134.08,"Tòa án nhân dân khu vực 8 - Hồ Chí Minh","Thành phố Hồ Chí Minh"
D01.54.22,"Tòa án nhân dân huyện Nhà Bè, thành phố Hồ Chí Minh",OLD,D01.54,"Tòa án nhân dân Thành phố Hồ Chí Minh",D01.134.06,"Tòa án nhân dân khu vực 6 - Hồ Chí Minh","Thành phố Hồ Chí Minh"
D01.55.01,"Tòa án nhân dân thành phố Hòa Bình, tỉnh Hòa Bình",OLD,D01.55,"Tòa án nhân dân tỉnh Hòa Bình",D01.144.12,"Tòa án nhân dân khu vực 12 - Phú Thọ","Tỉnh Hòa Bình"
D01.55.02,"Tòa án nhân dân huyện Cao Phong, tỉnh Hòa Bình",OLD,D01.55,"Tòa án nhân dân tỉnh Hòa Bình",D01.144.12,"Tòa án nhân dân khu vực 12 - Phú Thọ","Tỉnh Hòa Bình"
D01.55.03,"Tòa án nhân dân huyện Đà Bắc, tỉnh Hòa Bình",OLD,D01.55,"Tòa án nhân dân tỉnh Hòa Bình",D01.144.14,"Tòa án nhân dân khu vực 14 - Phú Thọ","Tỉnh Hòa Bình"
D01.55.04,"Tòa án nhân dân huyện Kim Bôi, tỉnh Hòa Bình",OLD,D01.55,"Tòa án nhân dân tỉnh Hòa Bình",D01.144.13,"Tòa án nhân dân khu vực 13 - Phú Thọ","Tỉnh Hòa Bình"
D01.55.05,"Tòa án nhân dân huyện Lạc Sơn, tỉnh Hòa Bình",OLD,D01.55,"Tòa án nhân dân tỉnh Hòa Bình",D01.144.15,"Tòa án nhân dân khu vực 15 - Phú Thọ","Tỉnh Hòa Bình"
D01.55.06,"Tòa án nhân dân huyện Lạc Thủy, tỉnh Hòa Bình",OLD,D01.55,"Tòa án nhân dân tỉnh Hòa Bình",D01.144.17,"Tòa án nhân dân khu vực 17 - Phú Thọ","Tỉnh Hòa Bình"
D01.55.07,"Tòa án nhân dân huyện Lương Sơn, tỉnh Hòa Bình",OLD,D01.55,"Tòa án nhân dân tỉnh Hòa Bình",D01.144.13,"Tòa án nhân dân khu vực 13 - Phú Thọ","Tỉnh Hòa Bình"
D01.55.08,"Tòa án nhân dân huyện Mai Châu, tỉnh Hòa Bình",OLD,D01.55,"Tòa án nhân dân tỉnh Hòa Bình",D01.144.16,"Tòa án nhân dân khu vực 16 - Phú Thọ","Tỉnh Hòa Bình"
D01.55.09,"Tòa án nhân dân huyện Tân Lạc, tỉnh Hòa Bình",OLD,D01.55,"Tòa án nhân dân tỉnh Hòa Bình",D01.144.15,"Tòa án nhân dân khu vực 15 - Phú Thọ","Tỉnh Hòa Bình"
D01.55.10,"Tòa án nhân dân huyện Yên Thủy, tỉnh Hòa Bình",OLD,D01.55,"Tòa án nhân dân tỉnh Hòa Bình",D01.144.17,"Tòa án nhân dân khu vực 17 - Phú Thọ","Tỉnh Hòa Bình"
D01.56.01,"Tòa án nhân dân thành phố Hưng Yên, tỉnh Hưng Yên",OLD,D01.56,"Tòa án nhân dân tỉnh Hưng Yên",D01.136.01,"Tòa án nhân dân khu vực 1 - Hưng Yên","Tỉnh Hưng Yên"
D01.56.02,"Tòa án nhân dân huyện Ân Thi, tỉnh Hưng Yên",OLD,D01.56,"Tòa án nhân dân tỉnh Hưng Yên",D01.136.01,"Tòa án nhân dân khu vực 1 - Hưng Yên","Tỉnh Hưng Yên"
D01.56.03,"Tòa án nhân dân huyện Khoái Châu, tỉnh Hưng Yên",OLD,D01.56,"Tòa án nhân dân tỉnh Hưng Yên",D01.136.03,"Tòa án nhân dân khu vực 3 - Hưng Yên","Tỉnh Hưng Yên"
D01.56.04,"Tòa án nhân dân huyện Kim Động, tỉnh Hưng Yên",OLD,D01.56,"Tòa án nhân dân tỉnh Hưng Yên",D01.136.03,"Tòa án nhân dân khu vực 3 - Hưng Yên","Tỉnh Hưng Yên"
D01.56.05,"Tòa án nhân dân huyện Mỹ Hào, tỉnh Hưng Yên",OLD,D01.56,"Tòa án nhân dân tỉnh Hưng Yên",D01.136.02,"Tòa án nhân dân khu vực 2 - Hưng Yên","Tỉnh Hưng Yên"
D01.56.06,"Tòa án nhân dân huyện Phù Cừ, tỉnh Hưng Yên",OLD,D01.56,"Tòa án nhân dân tỉnh Hưng Yên",D01.136.01,"Tòa án nhân dân khu vực 1 - Hưng Yên","Tỉnh Hưng Yên"
D01.56.07,"Tòa án nhân dân huyện Tiên Lữ, tỉnh Hưng Yên",OLD,D01.56,"Tòa án nhân dân tỉnh Hưng Yên",D01.136.01,"Tòa án nhân dân khu vực 1 - Hưng Yên","Tỉnh Hưng Yên"
D01.56.08,"Tòa án nhân dân huyện Văn Giang, tỉnh Hưng Yên",OLD,D01.56,"Tòa án nhân dân tỉnh Hưng Yên",D01.136.04,"Tòa án nhân dân khu vực 4 - Hưng Yên","Tỉnh Hưng Yên"
D01.56.09,"Tòa án nhân dân huyện Văn Lâm, tỉnh Hưng Yên",OLD,D01.56,"Tòa án nhân dân tỉnh Hưng Yên",D01.136.04,"Tòa án nhân dân khu vực 4 - Hưng Yên","Tỉnh Hưng Yên"
D01.56.10,"Tòa án nhân dân huyện Yên Mỹ, tỉnh Hưng Yên",OLD,D01.56,"Tòa án nhân dân tỉnh Hưng Yên",D01.136.02,"Tòa án nhân dân khu vực 2 - Hưng Yên","Tỉnh Hưng Yên"
D01.57.01,"Tòa án nhân dân thành phố Nha Trang, tỉnh Khánh Hòa",OLD,D01.57,"Tòa án nhân dân tỉnh Khánh Hòa",D01.137.01,"Tòa án nhân dân khu vực 1 - Khánh Hòa","Tỉnh Khánh Hòa"
D01.57.02,"Tòa án nhân dân thị xã Cam Ranh, tỉnh Khánh Hòa",OLD,D01.57,"Tòa án nhân dân tỉnh Khánh Hòa",D01.137.02,"Tòa án nhân dân khu vực 2 - Khánh Hòa","Tỉnh Khánh Hòa"
D01.57.03,"Tòa án nhân dân huyện Cam Lâm, tỉnh Khánh Hòa",OLD,D01.57,"Tòa án nhân dân tỉnh Khánh Hòa",D01.137.02,"Tòa án nhân dân khu vực 2 - Khánh Hòa","Tỉnh Khánh Hòa"
D01.57.04,"Tòa án nhân dân huyện Diên Khánh, tỉnh Khánh Hòa",OLD,D01.57,"Tòa án nhân dân tỉnh Khánh Hòa",D01.137.03,"Tòa án nhân dân khu vực 3 - Khánh Hòa","Tỉnh Khánh Hòa"
D01.57.05,"Tòa án nhân dân huyện Khánh Sơn, tỉnh Khánh Hòa",OLD,D01.57,"Tòa án nhân dân tỉnh Khánh Hòa",D01.137.02,"Tòa án nhân dân khu vực 2 - Khánh Hòa","Tỉnh Khánh Hòa"
D01.57.06,"Tòa án nhân dân huyện Khánh Vĩnh, tỉnh Khánh Hòa",OLD,D01.57,"Tòa án nhân dân tỉnh Khánh Hòa",D01.137.03,"Tòa án nhân dân khu vực 3 - Khánh Hòa","Tỉnh Khánh Hòa"
D01.57.07,"Tòa án nhân dân huyện Ninh Hoà, tỉnh Khánh Hòa",OLD,D01.57,"Tòa án nhân dân tỉnh Khánh Hòa",D01.137.04,"Tòa án nhân dân khu vực 4 - Khánh Hòa","Tỉnh Khánh Hòa"
D01.57.08,"Tòa án nhân dân huyện Vạn Ninh, tỉnh Khánh Hòa",OLD,D01.57,"Tòa án nhân dân tỉnh Khánh Hòa",D01.137.04,"Tòa án nhân dân khu vực 4 - Khánh Hòa","Tỉnh Khánh Hòa"
D01.58.01,"Tòa án nhân dân thành phố Rạch Giá, tỉnh Kiên Giang",OLD,D01.58,"Tòa án nhân dân tỉnh Kiên Giang",D01.120.01,"Tòa án nhân dân khu vực 1 - An Giang ","Tỉnh Kiên Giang"
D01.58.02,"Tòa án nhân dân thành phố Hà Tiên, tỉnh Kiên Giang",OLD,D01.58,"Tòa án nhân dân tỉnh Kiên Giang",D01.120.08,"Tòa án nhân dân khu vực 8 - An Giang ","Tỉnh Kiên Giang"
D01.58.03,"Tòa án nhân dân huyện An Biên, tỉnh Kiên Giang",OLD,D01.58,"Tòa án nhân dân tỉnh Kiên Giang",D01.120.07,"Tòa án nhân dân khu vực 7 - An Giang ","Tỉnh Kiên Giang"
D01.58.04,"Tòa án nhân dân huyện An Minh, tỉnh Kiên Giang",OLD,D01.58,"Tòa án nhân dân tỉnh Kiên Giang",D01.120.07,"Tòa án nhân dân khu vực 7 - An Giang ","Tỉnh Kiên Giang"
D01.58.05,"Tòa án nhân dân huyện Châu Thành, tỉnh Kiên Giang",OLD,D01.58,"Tòa án nhân dân tỉnh Kiên Giang",D01.120.03,"Tòa án nhân dân khu vực 3 - An Giang ","Tỉnh Kiên Giang"
D01.58.06,"Tòa án nhân dân huyện Giang Thành, tỉnh Kiên Giang",OLD,D01.58,"Tòa án nhân dân tỉnh Kiên Giang",D01.120.08,"Tòa án nhân dân khu vực 8 - An Giang ","Tỉnh Kiên Giang"
D01.58.07,"Tòa án nhân dân huyện Giồng Riềng, tỉnh Kiên Giang",OLD,D01.58,"Tòa án nhân dân tỉnh Kiên Giang",D01.120.05,"Tòa án nhân dân khu vực 5 - An Giang","Tỉnh Kiên Giang"
D01.58.08,"Tòa án nhân dân huyện Gò Quao, tỉnh Kiên Giang",OLD,D01.58,"Tòa án nhân dân tỉnh Kiên Giang",D01.120.05,"Tòa án nhân dân khu vực 5 - An Giang","Tỉnh Kiên Giang"
D01.58.09,"Tòa án nhân dân huyện Hòn Đất, tỉnh Kiên Giang",OLD,D01.58,"Tòa án nhân dân tỉnh Kiên Giang",D01.120.04,"Tòa án nhân dân khu vực 4 - An Giang ","Tỉnh Kiên Giang"
D01.58.10,"Tòa án nhân dân huyện Kiên Hải, tỉnh Kiên Giang",OLD,D01.58,"Tòa án nhân dân tỉnh Kiên Giang",D01.120.01,"Tòa án nhân dân khu vực 1 - An Giang ","Tỉnh Kiên Giang"
D01.58.11,"Tòa án nhân dân huyện Kiên Lương, tỉnh Kiên Giang",OLD,D01.58,"Tòa án nhân dân tỉnh Kiên Giang",D01.120.08,"Tòa án nhân dân khu vực 8 - An Giang ","Tỉnh Kiên Giang"
D01.58.12,"Tòa án nhân dân huyện Phú Quốc, tỉnh Kiên Giang",OLD,D01.58,"Tòa án nhân dân tỉnh Kiên Giang",D01.120.02,"Tòa án nhân dân khu vực 2 - An Giang ","Tỉnh Kiên Giang"
D01.58.13,"Tòa án nhân dân huyện Tân Hiệp, tỉnh Kiên Giang",OLD,D01.58,"Tòa án nhân dân tỉnh Kiên Giang",D01.120.03,"Tòa án nhân dân khu vực 3 - An Giang ","Tỉnh Kiên Giang"
D01.58.14,"Tòa án nhân dân huyện U Minh Thượng, tỉnh Kiên Giang",OLD,D01.58,"Tòa án nhân dân tỉnh Kiên Giang",D01.120.06,"Tòa án nhân dân khu vực 6 - An Giang ","Tỉnh Kiên Giang"
D01.58.15,"Tòa án nhân dân huyện Vĩnh Thuận, tỉnh Kiên Giang",OLD,D01.58,"Tòa án nhân dân tỉnh Kiên Giang",D01.120.06,"Tòa án nhân dân khu vực 6 - An Giang ","Tỉnh Kiên Giang"
D01.59.01,"Tòa án nhân dân thành phố Kon Tum, tỉnh Kon Tum",OLD,D01.59,"Tòa án nhân dân tỉnh Kon Tum",D01.145.07,"Tòa án nhân dân khu vực 7 - Quảng Ngãi","Tỉnh Kon Tum"
D01.59.02,"Tòa án nhân dân huyện Đắk Glei, tỉnh Kon Tum",OLD,D01.59,"Tòa án nhân dân tỉnh Kon Tum",D01.145.11,"Tòa án nhân dân khu vực 11 - Quảng Ngãi","Tỉnh Kon Tum"
D01.59.03,"Tòa án nhân dân huyện Đắk Hà, tỉnh Kon Tum",OLD,D01.59,"Tòa án nhân dân tỉnh Kon Tum",D01.145.09,"Tòa án nhân dân khu vực 9 - Quảng Ngãi ","Tỉnh Kon Tum"
D01.59.04,"Tòa án nhân dân huyện Đắk Tô, tỉnh Kon Tum",OLD,D01.59,"Tòa án nhân dân tỉnh Kon Tum",D01.145.09,"Tòa án nhân dân khu vực 9 - Quảng Ngãi ","Tỉnh Kon Tum"
D01.59.05,"Tòa án nhân dân huyện Ia H'Drai, tỉnh Kon Tum",OLD,D01.59,"Tòa án nhân dân tỉnh Kon Tum",D01.145.08,"Tòa án nhân dân khu vực 8 - Quảng Ngãi ","Tỉnh Kon Tum"
D01.59.06,"Tòa án nhân dân huyện Kon Plông, tỉnh Kon Tum",OLD,D01.59,"Tòa án nhân dân tỉnh Kon Tum",D01.145.10,"Tòa án nhân dân khu vực 10 - Quảng Ngãi","Tỉnh Kon Tum"
D01.59.07,"Tòa án nhân dân huyện Kon Rẫy, tỉnh Kon Tum",OLD,D01.59,"Tòa án nhân dân tỉnh Kon Tum",D01.145.10,"Tòa án nhân dân khu vực 10 - Quảng Ngãi","Tỉnh Kon Tum"
D01.59.08,"Tòa án nhân dân huyện Ngọc Hồi, tỉnh Kon Tum",OLD,D01.59,"Tòa án nhân dân tỉnh Kon Tum",D01.145.11,"Tòa án nhân dân khu vực 11 - Quảng Ngãi","Tỉnh Kon Tum"
D01.59.09,"Tòa án nhân dân huyện Sa Thầy, tỉnh Kon Tum",OLD,D01.59,"Tòa án nhân dân tỉnh Kon Tum",D01.145.08,"Tòa án nhân dân khu vực 8 - Quảng Ngãi ","Tỉnh Kon Tum"
D01.59.10,"Tòa án nhân dân huyện Tu Mơ Rông, tỉnh Kon Tum",OLD,D01.59,"Tòa án nhân dân tỉnh Kon Tum",D01.145.09,"Tòa án nhân dân khu vực 9 - Quảng Ngãi ","Tỉnh Kon Tum"
D01.60.01,"Tòa án nhân dân thành phố Lai Châu, tỉnh Lai Châu",OLD,D01.60,"Tòa án nhân dân tỉnh Lai Châu",D01.138.01,"Tòa án nhân dân khu vực 1 - Lai Châu","Tỉnh Lai Châu"
D01.60.02,"Tòa án nhân dân huyện Mường Tè, tỉnh Lai Châu",OLD,D01.60,"Tòa án nhân dân tỉnh Lai Châu",D01.138.04,"Tòa án nhân dân khu vực 4 - Lai Châu","Tỉnh Lai Châu"
D01.60.03,"Tòa án nhân dân huyện Nậm Nhùn, tỉnh Lai Châu",OLD,D01.60,"Tòa án nhân dân tỉnh Lai Châu",D01.138.04,"Tòa án nhân dân khu vực 4 - Lai Châu","Tỉnh Lai Châu"
D01.60.04,"Tòa án nhân dân huyện Phong Thổ, tỉnh Lai Châu",OLD,D01.60,"Tòa án nhân dân tỉnh Lai Châu",D01.138.03,"Tòa án nhân dân khu vực 3 - Lai Châu","Tỉnh Lai Châu"
D01.60.05,"Tòa án nhân dân huyện Sìn Hồ, tỉnh Lai Châu",OLD,D01.60,"Tòa án nhân dân tỉnh Lai Châu",D01.138.03,"Tòa án nhân dân khu vực 3 - Lai Châu","Tỉnh Lai Châu"
D01.60.06,"Tòa án nhân dân huyện Tam Đường, tỉnh Lai Châu",OLD,D01.60,"Tòa án nhân dân tỉnh Lai Châu",D01.138.01,"Tòa án nhân dân khu vực 1 - Lai Châu","Tỉnh Lai Châu"
D01.60.08,"Tòa án nhân dân huyện Than Uyên, tỉnh Lai Châu",OLD,D01.60,"Tòa án nhân dân tỉnh Lai Châu",D01.138.02,"Tòa án nhân dân khu vực 2 - Lai Châu","Tỉnh Lai Châu"
D01.61.01,"Tòa án nhân dân thành phố Đà Lạt, tỉnh Lâm Đồng",OLD,D01.61,"Tòa án nhân dân tỉnh Lâm Đồng",D01.141.01,"Tòa án nhân dân khu vực 1 - Lâm Đồng","Tỉnh Lâm Đồng"
D01.61.02,"Tòa án nhân dân thị xã Bảo Lộc, tỉnh Lâm Đồng",OLD,D01.61,"Tòa án nhân dân tỉnh Lâm Đồng",D01.141.04,"Tòa án nhân dân khu vực 4 - Lâm Đồng","Tỉnh Lâm Đồng"
D01.61.03,"Tòa án nhân dân huyện Bảo Lâm, tỉnh Lâm Đồng",OLD,D01.61,"Tòa án nhân dân tỉnh Lâm Đồng",D01.141.04,"Tòa án nhân dân khu vực 4 - Lâm Đồng","Tỉnh Lâm Đồng"
D01.61.04,"Tòa án nhân dân huyện Cát Tiên, tỉnh Lâm Đồng",OLD,D01.61,"Tòa án nhân dân tỉnh Lâm Đồng",D01.141.05,"Tòa án nhân dân khu vực 5 - Lâm Đồng","Tỉnh Lâm Đồng"
D01.61.05,"Tòa án nhân dân huyện Đạ Huoai, tỉnh Lâm Đồng",OLD,D01.61,"Tòa án nhân dân tỉnh Lâm Đồng",D01.141.05,"Tòa án nhân dân khu vực 5 - Lâm Đồng","Tỉnh Lâm Đồng"
D01.61.06,"Tòa án nhân dân huyện Đạ Tẻh, tỉnh Lâm Đồng",OLD,D01.61,"Tòa án nhân dân tỉnh Lâm Đồng",D01.141.05,"Tòa án nhân dân khu vực 5 - Lâm Đồng","Tỉnh Lâm Đồng"
D01.61.07,"Tòa án nhân dân huyện Đam Rông, tỉnh Lâm Đồng",OLD,D01.61,"Tòa án nhân dân tỉnh Lâm Đồng",D01.141.03,"Tòa án nhân dân khu vực 3 - Lâm Đồng","Tỉnh Lâm Đồng"
D01.61.08,"Tòa án nhân dân huyện Di Linh, tỉnh Lâm Đồng",OLD,D01.61,"Tòa án nhân dân tỉnh Lâm Đồng",D01.141.04,"Tòa án nhân dân khu vực 4 - Lâm Đồng","Tỉnh Lâm Đồng"
D01.61.09,"Tòa án nhân dân huyện Đơn Dương, tỉnh Lâm Đồng",OLD,D01.61,"Tòa án nhân dân tỉnh Lâm Đồng",D01.141.02,"Tòa án nhân dân khu vực 2 - Lâm Đồng","Tỉnh Lâm Đồng"
D01.61.10,"Tòa án nhân dân huyện Đức Trọng, tỉnh Lâm Đồng",OLD,D01.61,"Tòa án nhân dân tỉnh Lâm Đồng",D01.141.02,"Tòa án nhân dân khu vực 2 - Lâm Đồng","Tỉnh Lâm Đồng"
D01.61.11,"Tòa án nhân dân huyện Lạc Dương, tỉnh Lâm Đồng",OLD,D01.61,"Tòa án nhân dân tỉnh Lâm Đồng",D01.141.01,"Tòa án nhân dân khu vực 1 - Lâm Đồng","Tỉnh Lâm Đồng"
D01.61.12,"Tòa án nhân dân huyện Lâm Hà, tỉnh Lâm Đồng",OLD,D01.61,"Tòa án nhân dân tỉnh Lâm Đồng",D01.141.03,"Tòa án nhân dân khu vực 3 - Lâm Đồng","Tỉnh Lâm Đồng"
D01.62.01,"Tòa án nhân dân thành phố Lạng Sơn, tỉnh Lạng Sơn",OLD,D01.62,"Tòa án nhân dân tỉnh Lạng Sơn",D01.139.01,"Tòa án nhân dân khu vực 1 - Lạng Sơn","Tỉnh Lạng Sơn"
D01.62.02,"Tòa án nhân dân huyện Bắc Sơn, tỉnh Lạng Sơn",OLD,D01.62,"Tòa án nhân dân tỉnh Lạng Sơn",D01.139.03,"Tòa án nhân dân khu vực 3 - Lạng Sơn","Tỉnh Lạng Sơn"
D01.62.03,"Tòa án nhân dân huyện Bình Gia, tỉnh Lạng Sơn",OLD,D01.62,"Tòa án nhân dân tỉnh Lạng Sơn",D01.139.03,"Tòa án nhân dân khu vực 3 - Lạng Sơn","Tỉnh Lạng Sơn"
D01.62.04,"Tòa án nhân dân huyện Cao Lộc, tỉnh Lạng Sơn",OLD,D01.62,"Tòa án nhân dân tỉnh Lạng Sơn",D01.139.01,"Tòa án nhân dân khu vực 1 - Lạng Sơn","Tỉnh Lạng Sơn"
D01.62.05,"Tòa án nhân dân huyện Chi Lăng, tỉnh Lạng Sơn",OLD,D01.62,"Tòa án nhân dân tỉnh Lạng Sơn",D01.139.04,"Tòa án nhân dân khu vực 4 - Lạng Sơn","Tỉnh Lạng Sơn"
D01.62.06,"Tòa án nhân dân huyện Đình Lập, tỉnh Lạng Sơn",OLD,D01.62,"Tòa án nhân dân tỉnh Lạng Sơn",D01.139.05,"Tòa án nhân dân khu vực 5 - Lạng Sơn","Tỉnh Lạng Sơn"
D01.62.07,"Tòa án nhân dân huyện Hữu Lũng, tỉnh Lạng Sơn",OLD,D01.62,"Tòa án nhân dân tỉnh Lạng Sơn",D01.139.04,"Tòa án nhân dân khu vực 4 - Lạng Sơn","Tỉnh Lạng Sơn"
D01.62.08,"Tòa án nhân dân huyện Lộc Bình, tỉnh Lạng Sơn",OLD,D01.62,"Tòa án nhân dân tỉnh Lạng Sơn",D01.139.05,"Tòa án nhân dân khu vực 5 - Lạng Sơn","Tỉnh Lạng Sơn"
D01.62.09,"Tòa án nhân dân huyện Tràng Định, tỉnh Lạng Sơn",OLD,D01.62,"Tòa án nhân dân tỉnh Lạng Sơn",D01.139.02,"Tòa án nhân dân khu vực 2 - Lạng Sơn","Tỉnh Lạng Sơn"
D01.62.10,"Tòa án nhân dân huyện Văn Lãng, tỉnh Lạng Sơn",OLD,D01.62,"Tòa án nhân dân tỉnh Lạng Sơn",D01.139.02,"Tòa án nhân dân khu vực 2 - Lạng Sơn","Tỉnh Lạng Sơn"
D01.62.11,"Tòa án nhân dân huyện Văn Quan, tỉnh Lạng Sơn",OLD,D01.62,"Tòa án nhân dân tỉnh Lạng Sơn",D01.139.03,"Tòa án nhân dân khu vực 3 - Lạng Sơn","Tỉnh Lạng Sơn"
D01.63.01,"Tòa án nhân dân thành phố Lao Cai, tỉnh Lào Cai",OLD,D01.63,"Tòa án nhân dân tỉnh Lào Cai",D01.140.06,"Tòa án nhân dân khu vực 6 - Lào Cai","Tỉnh Lào Cai"
D01.63.02,"Tòa án nhân dân huyện Bắc Hà, tỉnh Lào Cai",OLD,D01.63,"Tòa án nhân dân tỉnh Lào Cai",D01.140.09,"Tòa án nhân dân khu vực 9 - Lào Cai","Tỉnh Lào Cai"
D01.63.03,"Tòa án nhân dân huyện Bảo Thắng, tỉnh Lào Cai",OLD,D01.63,"Tòa án nhân dân tỉnh Lào Cai",D01.140.06,"Tòa án nhân dân khu vực 6 - Lào Cai","Tỉnh Lào Cai"
D01.63.04,"Tòa án nhân dân huyện Bảo Yên, tỉnh Lào Cai",OLD,D01.63,"Tòa án nhân dân tỉnh Lào Cai",D01.140.08,"Tòa án nhân dân khu vực 8 - Lào Cai","Tỉnh Lào Cai"
D01.63.05,"Tòa án nhân dân huyện Bát Xát, tỉnh Lào Cai",OLD,D01.63,"Tòa án nhân dân tỉnh Lào Cai",D01.140.07,"Tòa án nhân dân khu vực 7 - Lào Cai","Tỉnh Lào Cai"
D01.63.06,"Tòa án nhân dân huyện Mường Khương, tỉnh Lào Cai",OLD,D01.63,"Tòa án nhân dân tỉnh Lào Cai",D01.140.09,"Tòa án nhân dân khu vực 9 - Lào Cai","Tỉnh Lào Cai"
D01.63.07,"Tòa án nhân dân huyện Sa Pa, tỉnh Lào Cai",OLD,D01.63,"Tòa án nhân dân tỉnh Lào Cai",D01.140.07,"Tòa án nhân dân khu vực 7 - Lào Cai","Tỉnh Lào Cai"
D01.63.08,"Tòa án nhân dân huyện Si Ma Cai, tỉnh Lào Cai",OLD,D01.63,"Tòa án nhân dân tỉnh Lào Cai",D01.140.09,"Tòa án nhân dân khu vực 9 - Lào Cai","Tỉnh Lào Cai"
D01.63.09,"Tòa án nhân dân huyện Văn Bàn, tỉnh Lào Cai",OLD,D01.63,"Tòa án nhân dân tỉnh Lào Cai",D01.140.08,"Tòa án nhân dân khu vực 8 - Lào Cai","Tỉnh Lào Cai"
D01.64.01,"Tòa án nhân dân thành phố Tân An, tỉnh Long An",OLD,D01.64,"Tòa án nhân dân tỉnh Long An",D01.149.01,"Tòa án nhân dân khu vực 1 - Tây Ninh","Tỉnh Long An"
D01.64.02,"Tòa án nhân dân thị xã Kiến Tường, tỉnh Long An",OLD,D01.64,"Tòa án nhân dân tỉnh Long An",D01.149.08,"Tòa án nhân dân khu vực 8 - Tây Ninh","Tỉnh Long An"
D01.64.03,"Tòa án nhân dân huyện Bến Lức, tỉnh Long An",OLD,D01.64,"Tòa án nhân dân tỉnh Long An",D01.149.04,"Tòa án nhân dân khu vực 4 - Tây Ninh","Tỉnh Long An"
D01.64.04,"Tòa án nhân dân huyện Cần Đước, tỉnh Long An",OLD,D01.64,"Tòa án nhân dân tỉnh Long An",D01.149.06,"Tòa án nhân dân khu vực 6 - Tây Ninh","Tỉnh Long An"
D01.64.05,"Tòa án nhân dân huyện Cần Giuộc, tỉnh Long An",OLD,D01.64,"Tòa án nhân dân tỉnh Long An",D01.149.07,"Tòa án nhân dân khu vực 7 - Tây Ninh","Tỉnh Long An"
D01.64.06,"Tòa án nhân dân huyện Châu Thành, tỉnh Long An",OLD,D01.64,"Tòa án nhân dân tỉnh Long An",D01.149.05,"Tòa án nhân dân khu vực 5 - Tây Ninh","Tỉnh Long An"
D01.64.07,"Tòa án nhân dân huyện Đức Hoà, tỉnh Long An",OLD,D01.64,"Tòa án nhân dân tỉnh Long An",D01.149.03,"Tòa án nhân dân khu vực 3 - Tây Ninh","Tỉnh Long An"
D01.64.08,"Tòa án nhân dân huyện Đức Huệ, tỉnh Long An",OLD,D01.64,"Tòa án nhân dân tỉnh Long An",D01.149.02,"Tòa án nhân dân khu vực 2 - Tây Ninh","Tỉnh Long An"
D01.64.09,"Tòa án nhân dân huyện Mộc Hoá, tỉnh Long An",OLD,D01.64,"Tòa án nhân dân tỉnh Long An",D01.149.08,"Tòa án nhân dân khu vực 8 - Tây Ninh","Tỉnh Long An"
D01.64.10,"Tòa án nhân dân huyện Tân Hưng, tỉnh Long An",OLD,D01.64,"Tòa án nhân dân tỉnh Long An",D01.149.09,"Tòa án nhân dân khu vực 9 - Tây Ninh","Tỉnh Long An"
D01.64.11,"Tòa án nhân dân huyện Tân Thạnh, tỉnh Long An",OLD,D01.64,"Tòa án nhân dân tỉnh Long An",D01.149.02,"Tòa án nhân dân khu vực 2 - Tây Ninh","Tỉnh Long An"
D01.64.12,"Tòa án nhân dân huyện Tân Trụ, tỉnh Long An",OLD,D01.64,"Tòa án nhân dân tỉnh Long An",D01.149.05,"Tòa án nhân dân khu vực 5 - Tây Ninh","Tỉnh Long An"
D01.64.13,"Tòa án nhân dân huyện Thạnh Hoá, tỉnh Long An",OLD,D01.64,"Tòa án nhân dân tỉnh Long An",D01.149.02,"Tòa án nhân dân khu vực 2 - Tây Ninh","Tỉnh Long An"
D01.64.14,"Tòa án nhân dân huyện Thủ Thừa, tỉnh Long An",OLD,D01.64,"Tòa án nhân dân tỉnh Long An",D01.149.01,"Tòa án nhân dân khu vực 1 - Tây Ninh","Tỉnh Long An"
D01.64.15,"Tòa án nhân dân huyện Vĩnh Hưng, tỉnh Long An",OLD,D01.64,"Tòa án nhân dân tỉnh Long An",D01.149.09,"Tòa án nhân dân khu vực 9 - Tây Ninh","Tỉnh Long An"
D01.65.01,"Tòa án nhân dân thành phố Nam Định, tỉnh Nam Định",OLD,D01.65,"Tòa án nhân dân tỉnh Nam Định",D01.143.07,"Tòa án nhân dân khu vực 7 - Ninh Bình","Tỉnh Nam Định"
D01.65.02,"Tòa án nhân dân huyện Giao Thủy, tỉnh Nam Định",OLD,D01.65,"Tòa án nhân dân tỉnh Nam Định",D01.143.10,"Tòa án nhân dân khu vực 10 - Ninh Bình","Tỉnh Nam Định"
D01.65.03,"Tòa án nhân dân huyện Hải Hậu, tỉnh Nam Định",OLD,D01.65,"Tòa án nhân dân tỉnh Nam Định",D01.143.11,"Tòa án nhân dân khu vực 11 - Ninh Bình","Tỉnh Nam Định"
D01.65.05,"Tòa án nhân dân huyện Nam Trực, tỉnh Nam Định",OLD,D01.65,"Tòa án nhân dân tỉnh Nam Định",D01.143.09,"Tòa án nhân dân khu vực 9 - Ninh Bình","Tỉnh Nam Định"
D01.65.06,"Tòa án nhân dân huyện Nghĩa Hưng, tỉnh Nam Định",OLD,D01.65,"Tòa án nhân dân tỉnh Nam Định",D01.143.11,"Tòa án nhân dân khu vực 11 - Ninh Bình","Tỉnh Nam Định"
D01.65.07,"Tòa án nhân dân huyện Trực Ninh, tỉnh Nam Định",OLD,D01.65,"Tòa án nhân dân tỉnh Nam Định",D01.143.09,"Tòa án nhân dân khu vực 9 - Ninh Bình","Tỉnh Nam Định"
D01.65.08,"Tòa án nhân dân huyện Vụ Bản, tỉnh Nam Định",OLD,D01.65,"Tòa án nhân dân tỉnh Nam Định",D01.143.08,"Tòa án nhân dân khu vực 8 - Ninh Bình","Tỉnh Nam Định"
D01.65.09,"Tòa án nhân dân huyện Xuân Trường, tỉnh Nam Định",OLD,D01.65,"Tòa án nhân dân tỉnh Nam Định",D01.143.10,"Tòa án nhân dân khu vực 10 - Ninh Bình","Tỉnh Nam Định"
D01.65.10,"Tòa án nhân dân huyện Ý Yên, tỉnh Nam Định",OLD,D01.65,"Tòa án nhân dân tỉnh Nam Định",D01.143.08,"Tòa án nhân dân khu vực 8 - Ninh Bình","Tỉnh Nam Định"
D01.66.01,"Tòa án nhân dân thành phố Vinh, tỉnh Nghệ An",OLD,D01.66,"Tòa án nhân dân tỉnh Nghệ An",D01.142.01,"Tòa án nhân dân khu vực 1 - Nghệ An","Tỉnh Nghệ An"
D01.66.03,"Tòa án nhân dân thị xã Hoàng Mai, tỉnh Nghệ An",OLD,D01.66,"Tòa án nhân dân tỉnh Nghệ An",D01.142.04,"Tòa án nhân dân khu vực 4 - Nghệ An ","Tỉnh Nghệ An"
D01.66.04,"Tòa án nhân dân thị xã Thái Hòa, tỉnh Nghệ An",OLD,D01.66,"Tòa án nhân dân tỉnh Nghệ An",D01.142.08,"Tòa án nhân dân khu vực 8 - Nghệ An","Tỉnh Nghệ An"
D01.66.05,"Tòa án nhân dân huyện Anh Sơn, tỉnh Nghệ An",OLD,D01.66,"Tòa án nhân dân tỉnh Nghệ An",D01.142.09,"Tòa án nhân dân khu vực 9 - Nghệ An","Tỉnh Nghệ An"
D01.66.06,"Tòa án nhân dân huyện Con Cuông, tỉnh Nghệ An",OLD,D01.66,"Tòa án nhân dân tỉnh Nghệ An",D01.142.09,"Tòa án nhân dân khu vực 9 - Nghệ An","Tỉnh Nghệ An"
D01.66.07,"Tòa án nhân dân huyện Diễn Châu, tỉnh Nghệ An",OLD,D01.66,"Tòa án nhân dân tỉnh Nghệ An",D01.142.03,"Tòa án nhân dân khu vực 3 - Nghệ An","Tỉnh Nghệ An"
D01.66.08,"Tòa án nhân dân huyện Đô Lương, tỉnh Nghệ An",OLD,D01.66,"Tòa án nhân dân tỉnh Nghệ An",D01.142.07,"Tòa án nhân dân khu vực 7 - Nghệ An","Tỉnh Nghệ An"
D01.66.09,"Tòa án nhân dân huyện Hưng Nguyên, tỉnh Nghệ An",OLD,D01.66,"Tòa án nhân dân tỉnh Nghệ An",D01.142.02,"Tòa án nhân dân khu vực 2 - Nghệ An","Tỉnh Nghệ An"
D01.66.10,"Tòa án nhân dân huyện Kỳ Sơn, tỉnh Nghệ An",OLD,D01.66,"Tòa án nhân dân tỉnh Nghệ An",D01.142.12,"Tòa án nhân dân khu vực 12 - Nghệ An","Tỉnh Nghệ An"
D01.66.11,"Tòa án nhân dân huyện Nam Đàn, tỉnh Nghệ An",OLD,D01.66,"Tòa án nhân dân tỉnh Nghệ An",D01.142.05,"Tòa án nhân dân khu vực 5 - Nghệ An","Tỉnh Nghệ An"
D01.66.12,"Tòa án nhân dân huyện Nghi Lộc, tỉnh Nghệ An",OLD,D01.66,"Tòa án nhân dân tỉnh Nghệ An",D01.142.02,"Tòa án nhân dân khu vực 2 - Nghệ An","Tỉnh Nghệ An"
D01.66.13,"Tòa án nhân dân huyện Nghĩa Đàn, tỉnh Nghệ An",OLD,D01.66,"Tòa án nhân dân tỉnh Nghệ An",D01.142.08,"Tòa án nhân dân khu vực 8 - Nghệ An","Tỉnh Nghệ An"
D01.66.14,"Tòa án nhân dân huyện Quế Phong, tỉnh Nghệ An",OLD,D01.66,"Tòa án nhân dân tỉnh Nghệ An",D01.142.10,"Tòa án nhân dân khu vực 10 - Nghệ An","Tỉnh Nghệ An"
D01.66.15,"Tòa án nhân dân huyện Quỳ Châu, tỉnh Nghệ An",OLD,D01.66,"Tòa án nhân dân tỉnh Nghệ An",D01.142.10,"Tòa án nhân dân khu vực 10 - Nghệ An","Tỉnh Nghệ An"
D01.66.16,"Tòa án nhân dân huyện Quỳ Hợp, tỉnh Nghệ An",OLD,D01.66,"Tòa án nhân dân tỉnh Nghệ An",D01.142.10,"Tòa án nhân dân khu vực 10 - Nghệ An","Tỉnh Nghệ An"
D01.66.17,"Tòa án nhân dân huyện Quỳnh Lưu, tỉnh Nghệ An",OLD,D01.66,"Tòa án nhân dân tỉnh Nghệ An",D01.142.04,"Tòa án nhân dân khu vực 4 - Nghệ An ","Tỉnh Nghệ An"
D01.66.18,"Tòa án nhân dân huyện Tân Kỳ, tỉnh Nghệ An",OLD,D01.66,"Tòa án nhân dân tỉnh Nghệ An",D01.142.07,"Tòa án nhân dân khu vực 7 - Nghệ An","Tỉnh Nghệ An"
D01.66.19,"Tòa án nhân dân huyện Thanh Chương, tỉnh Nghệ An",OLD,D01.66,"Tòa án nhân dân tỉnh Nghệ An",D01.142.05,"Tòa án nhân dân khu vực 5 - Nghệ An","Tỉnh Nghệ An"
D01.66.20,"Tòa án nhân dân huyện Tương Dương, tỉnh Nghệ An",OLD,D01.66,"Tòa án nhân dân tỉnh Nghệ An",D01.142.11,"Tòa án nhân dân khu vực 11 - Nghệ An","Tỉnh Nghệ An"
D01.66.21,"Tòa án nhân dân huyện Yên Thành, tỉnh Nghệ An",OLD,D01.66,"Tòa án nhân dân tỉnh Nghệ An",D01.142.06,"Tòa án nhân dân khu vực 6 - Nghệ An","Tỉnh Nghệ An"
D01.67.01,"Tòa án nhân dân thành phố Ninh Bình, tỉnh Ninh Bình",OLD,D01.67,"Tòa án nhân dân tỉnh Ninh Bình",D01.143.01,"Tòa án nhân dân khu vực 1 - Ninh Bình","Tỉnh Ninh Bình"
D01.67.02,"Tòa án nhân dân thành phố Tam Điệp, tỉnh Ninh Bình",OLD,D01.67,"Tòa án nhân dân tỉnh Ninh Bình",D01.143.02,"Tòa án nhân dân khu vực 2 - Ninh Bình","Tỉnh Ninh Bình"
D01.67.03,"Tòa án nhân dân huyện Gia Viễn, tỉnh Ninh Bình",OLD,D01.67,"Tòa án nhân dân tỉnh Ninh Bình",D01.143.03,"Tòa án nhân dân khu vực 3 - Ninh Bình","Tỉnh Ninh Bình"
D01.67.04,"Tòa án nhân dân huyện Hoa Lư, tỉnh Ninh Bình",OLD,D01.67,"Tòa án nhân dân tỉnh Ninh Bình",D01.143.01,"Tòa án nhân dân khu vực 1 - Ninh Bình","Tỉnh Ninh Bình"
D01.67.05,"Tòa án nhân dân huyện Kim Sơn, tỉnh Ninh Bình",OLD,D01.67,"Tòa án nhân dân tỉnh Ninh Bình",D01.143.04,"Tòa án nhân dân khu vực 4 - Ninh Bình ","Tỉnh Ninh Bình"
D01.67.06,"Tòa án nhân dân huyện Nho Quan, tỉnh Ninh Bình",OLD,D01.67,"Tòa án nhân dân tỉnh Ninh Bình",D01.143.03,"Tòa án nhân dân khu vực 3 - Ninh Bình","Tỉnh Ninh Bình"
D01.67.07,"Tòa án nhân dân huyện Yên Khánh, tỉnh Ninh Bình",OLD,D01.67,"Tòa án nhân dân tỉnh Ninh Bình",D01.143.04,"Tòa án nhân dân khu vực 4 - Ninh Bình ","Tỉnh Ninh Bình"
D01.67.08,"Tòa án nhân dân huyện Yên Mô, tỉnh Ninh Bình",OLD,D01.67,"Tòa án nhân dân tỉnh Ninh Bình",D01.143.02,"Tòa án nhân dân khu vực 2 - Ninh Bình","Tỉnh Ninh Bình"
D01.68.01,"Tòa án nhân dân thành phố Phan Rang-Tháp Chàm, tỉnh Ninh Thuận",OLD,D01.68,"Tòa án nhân dân tỉnh Ninh Thuận",D01.137.05,"Tòa án nhân dân khu vực 5 - Khánh Hòa","Tỉnh Ninh Thuận"
D01.68.02,"Tòa án nhân dân huyện Bác ái, tỉnh Ninh Thuận",OLD,D01.68,"Tòa án nhân dân tỉnh Ninh Thuận",D01.137.07,"Tòa án nhân dân khu vực 7 - Khánh Hòa","Tỉnh Ninh Thuận"
D01.68.03,"Tòa án nhân dân huyện Ninh Hải, tỉnh Ninh Thuận",OLD,D01.68,"Tòa án nhân dân tỉnh Ninh Thuận",D01.137.06,"Tòa án nhân dân khu vực 6 - Khánh Hòa","Tỉnh Ninh Thuận"
D01.68.04,"Tòa án nhân dân huyện Ninh Phước, tỉnh Ninh Thuận",OLD,D01.68,"Tòa án nhân dân tỉnh Ninh Thuận",D01.137.08,"Tòa án nhân dân khu vực 8 - Khánh Hòa","Tỉnh Ninh Thuận"
D01.68.05,"Tòa án nhân dân huyện Ninh Sơn, tỉnh Ninh Thuận",OLD,D01.68,"Tòa án nhân dân tỉnh Ninh Thuận",D01.137.07,"Tòa án nhân dân khu vực 7 - Khánh Hòa","Tỉnh Ninh Thuận"
D01.68.06,"Tòa án nhân dân huyện Thuận Bắc, tỉnh Ninh Thuận",OLD,D01.68,"Tòa án nhân dân tỉnh Ninh Thuận",D01.137.06,"Tòa án nhân dân khu vực 6 - Khánh Hòa","Tỉnh Ninh Thuận"
D01.68.07,"Tòa án nhân dân huyện Thuận Nam, tỉnh Ninh Thuận",OLD,D01.68,"Tòa án nhân dân tỉnh Ninh Thuận",D01.137.08,"Tòa án nhân dân khu vực 8 - Khánh Hòa","Tỉnh Ninh Thuận"
D01.69.01,"Tòa án nhân dân thành phố Việt Trì, tỉnh Phú Thọ",OLD,D01.69,"Tòa án nhân dân tỉnh Phú Thọ",D01.144.01,"Tòa án nhân dân khu vực 1 - Phú Thọ","Tỉnh Phú Thọ"
D01.69.02,"Tòa án nhân dân thị xã Phú Thọ, tỉnh Phú Thọ",OLD,D01.69,"Tòa án nhân dân tỉnh Phú Thọ",D01.144.02,"Tòa án nhân dân khu vực 2 - Phú Thọ","Tỉnh Phú Thọ"
D01.69.03,"Tòa án nhân dân huyện Cẩm Khê, tỉnh Phú Thọ",OLD,D01.69,"Tòa án nhân dân tỉnh Phú Thọ",D01.144.06,"Tòa án nhân dân khu vực 6 - Phú Thọ","Tỉnh Phú Thọ"
D01.69.04,"Tòa án nhân dân huyện Đoan Hùng, tỉnh Phú Thọ",OLD,D01.69,"Tòa án nhân dân tỉnh Phú Thọ",D01.144.05,"Tòa án nhân dân khu vực 5 - Phú Thọ","Tỉnh Phú Thọ"
D01.69.05,"Tòa án nhân dân huyện Hạ Hoà, tỉnh Phú Thọ",OLD,D01.69,"Tòa án nhân dân tỉnh Phú Thọ",D01.144.05,"Tòa án nhân dân khu vực 5 - Phú Thọ","Tỉnh Phú Thọ"
D01.69.06,"Tòa án nhân dân huyện Lâm Thao, tỉnh Phú Thọ",OLD,D01.69,"Tòa án nhân dân tỉnh Phú Thọ",D01.144.02,"Tòa án nhân dân khu vực 2 - Phú Thọ","Tỉnh Phú Thọ"
D01.69.07,"Tòa án nhân dân huyện Phù Ninh, tỉnh Phú Thọ",OLD,D01.69,"Tòa án nhân dân tỉnh Phú Thọ",D01.144.03,"Tòa án nhân dân khu vực 3 - Phú Thọ","Tỉnh Phú Thọ"
D01.69.08,"Tòa án nhân dân huyện Tam Nông, tỉnh Phú Thọ",OLD,D01.69,"Tòa án nhân dân tỉnh Phú Thọ",D01.144.04,"Tòa án nhân dân khu vực 4 - Phú Thọ","Tỉnh Phú Thọ"
D01.69.09,"Tòa án nhân dân huyện Tân Sơn, tỉnh Phú Thọ",OLD,D01.69,"Tòa án nhân dân tỉnh Phú Thọ",D01.144.07,"Tòa án nhân dân khu vực 7 - Phú Thọ","Tỉnh Phú Thọ"
D01.69.10,"Tòa án nhân dân huyện Thanh Ba, tỉnh Phú Thọ",OLD,D01.69,"Tòa án nhân dân tỉnh Phú Thọ",D01.144.03,"Tòa án nhân dân khu vực 3 - Phú Thọ","Tỉnh Phú Thọ"
D01.69.11,"Tòa án nhân dân huyện Thanh Sơn, tỉnh Phú Thọ",OLD,D01.69,"Tòa án nhân dân tỉnh Phú Thọ",D01.144.07,"Tòa án nhân dân khu vực 7 - Phú Thọ","Tỉnh Phú Thọ"
D01.69.12,"Tòa án nhân dân huyện Thanh Thuỷ, tỉnh Phú Thọ",OLD,D01.69,"Tòa án nhân dân tỉnh Phú Thọ",D01.144.04,"Tòa án nhân dân khu vực 4 - Phú Thọ","Tỉnh Phú Thọ"
D01.69.13,"Tòa án nhân dân huyện Yên Lập, tỉnh Phú Thọ",OLD,D01.69,"Tòa án nhân dân tỉnh Phú Thọ",D01.144.06,"Tòa án nhân dân khu vực 6 - Phú Thọ","Tỉnh Phú Thọ"
D01.70.01,"Tòa án nhân dân thành phố Tuy Hòa, tỉnh Phú Yên",OLD,D01.70,"Tòa án nhân dân tỉnh Phú Yên",D01.126.11,"Tòa án nhân dân khu vực 11 - Đắk Lắk","Tỉnh Phú Yên"
D01.70.02,"Tòa án nhân dân thị xã Đông Hòa, tỉnh Phú Yên",OLD,D01.70,"Tòa án nhân dân tỉnh Phú Yên",D01.126.12,"Tòa án nhân dân khu vực 12 - Đắk Lắk","Tỉnh Phú Yên"
D01.70.03,"Tòa án nhân dân thị xã Sông Cầu, tỉnh Phú Yên",OLD,D01.70,"Tòa án nhân dân tỉnh Phú Yên",D01.126.14,"Tòa án nhân dân khu vực 14 - Đắk Lắk","Tỉnh Phú Yên"
D01.70.04,"Tòa án nhân dân huyện Đồng Xuân, tỉnh Phú Yên",OLD,D01.70,"Tòa án nhân dân tỉnh Phú Yên",D01.126.14,"Tòa án nhân dân khu vực 14 - Đắk Lắk","Tỉnh Phú Yên"
D01.70.05,"Tòa án nhân dân huyện Phú Hòa, tỉnh Phú Yên",OLD,D01.70,"Tòa án nhân dân tỉnh Phú Yên",D01.126.13,"Tòa án nhân dân khu vực 13 - Đắk Lắk","Tỉnh Phú Yên"
D01.70.06,"Tòa án nhân dân huyện Sơn Hòa, tỉnh Phú Yên",OLD,D01.70,"Tòa án nhân dân tỉnh Phú Yên",D01.126.15,"Tòa án nhân dân khu vực 15 - Đắk Lắk","Tỉnh Phú Yên"
D01.70.07,"Tòa án nhân dân huyện Sông Hinh, tỉnh Phú Yên",OLD,D01.70,"Tòa án nhân dân tỉnh Phú Yên",D01.126.15,"Tòa án nhân dân khu vực 15 - Đắk Lắk","Tỉnh Phú Yên"
D01.70.08,"Tòa án nhân dân huyện Tây Hòa, tỉnh Phú Yên",OLD,D01.70,"Tòa án nhân dân tỉnh Phú Yên",D01.126.13,"Tòa án nhân dân khu vực 13 - Đắk Lắk","Tỉnh Phú Yên"
D01.70.09,"Tòa án nhân dân huyện Tuy An, tỉnh Phú Yên",OLD,D01.70,"Tòa án nhân dân tỉnh Phú Yên",D01.126.14,"Tòa án nhân dân khu vực 14 - Đắk Lắk","Tỉnh Phú Yên"
D01.71.01,"Tòa án nhân dân thành phố Đồng Hới, tỉnh Quảng Bình",OLD,D01.71,"Tòa án nhân dân tỉnh Quảng Bình",D01.147.01,"Tòa án nhân dân khu vực 1 - Quảng Trị","Tỉnh Quảng Bình"
D01.71.02,"Tòa án nhân dân thị xã Ba Đồn, tỉnh Quảng Bình",OLD,D01.71,"Tòa án nhân dân tỉnh Quảng Bình",D01.147.03,"Tòa án nhân dân khu vực 3 - Quảng Trị","Tỉnh Quảng Bình"
D01.71.03,"Tòa án nhân dân huyện Bố Trạch, tỉnh Quảng Bình",OLD,D01.71,"Tòa án nhân dân tỉnh Quảng Bình",D01.147.01,"Tòa án nhân dân khu vực 1 - Quảng Trị","Tỉnh Quảng Bình"
D01.71.04,"Tòa án nhân dân huyện Lệ Thuỷ, tỉnh Quảng Bình",OLD,D01.71,"Tòa án nhân dân tỉnh Quảng Bình",D01.147.04,"Tòa án nhân dân khu vực 4 - Quảng Trị","Tỉnh Quảng Bình"
D01.71.05,"Tòa án nhân dân huyện Minh Hoá, tỉnh Quảng Bình",OLD,D01.71,"Tòa án nhân dân tỉnh Quảng Bình",D01.147.02,"Tòa án nhân dân khu vực 2 - Quảng Trị","Tỉnh Quảng Bình"
D01.71.06,"Tòa án nhân dân huyện Quảng Ninh, tỉnh Quảng Bình",OLD,D01.71,"Tòa án nhân dân tỉnh Quảng Bình",D01.147.04,"Tòa án nhân dân khu vực 4 - Quảng Trị","Tỉnh Quảng Bình"
D01.71.07,"Tòa án nhân dân huyện Quảng Trạch, tỉnh Quảng Bình",OLD,D01.71,"Tòa án nhân dân tỉnh Quảng Bình",D01.147.03,"Tòa án nhân dân khu vực 3 - Quảng Trị","Tỉnh Quảng Bình"
D01.71.08,"Tòa án nhân dân huyện Tuyên Hoá, tỉnh Quảng Bình",OLD,D01.71,"Tòa án nhân dân tỉnh Quảng Bình",D01.147.02,"Tòa án nhân dân khu vực 2 - Quảng Trị","Tỉnh Quảng Bình"
D01.72.01,"Tòa án nhân dân thành phố Hội An, tỉnh Quảng Nam",OLD,D01.72,"Tòa án nhân dân tỉnh Quảng Nam",D01.125.10,"Tòa án nhân dân khu vực 10 - Đà Nẵng","Tỉnh Quảng Nam"
D01.72.02,"Tòa án nhân dân thành phố Tam Kỳ, tỉnh Quảng Nam",OLD,D01.72,"Tòa án nhân dân tỉnh Quảng Nam",D01.125.05,"Tòa án nhân dân khu vực 5 - Đà Nẵng","Tỉnh Quảng Nam"
D01.72.03,"Tòa án nhân dân huyện Bắc Trà My, tỉnh Quảng Nam",OLD,D01.72,"Tòa án nhân dân tỉnh Quảng Nam",D01.125.08,"Tòa án nhân dân khu vực 8 - Đà Nẵng","Tỉnh Quảng Nam"
D01.72.04,"Tòa án nhân dân huyện Đại Lộc, tỉnh Quảng Nam",OLD,D01.72,"Tòa án nhân dân tỉnh Quảng Nam",D01.125.11,"Tòa án nhân dân khu vực 11 - Đà Nẵng","Tỉnh Quảng Nam"
D01.72.05,"Tòa án nhân dân huyện Điện Bàn, tỉnh Quảng Nam",OLD,D01.72,"Tòa án nhân dân tỉnh Quảng Nam",D01.125.10,"Tòa án nhân dân khu vực 10 - Đà Nẵng","Tỉnh Quảng Nam"
D01.72.06,"Tòa án nhân dân huyện Đông Giang, tỉnh Quảng Nam",OLD,D01.72,"Tòa án nhân dân tỉnh Quảng Nam",D01.125.12,"Tòa án nhân dân khu vực 12 - Đà Nẵng","Tỉnh Quảng Nam"
D01.72.07,"Tòa án nhân dân huyện Duy Xuyên, tỉnh Quảng Nam",OLD,D01.72,"Tòa án nhân dân tỉnh Quảng Nam",D01.125.10,"Tòa án nhân dân khu vực 10 - Đà Nẵng","Tỉnh Quảng Nam"
D01.72.08,"Tòa án nhân dân huyện Hiệp Đức, tỉnh Quảng Nam",OLD,D01.72,"Tòa án nhân dân tỉnh Quảng Nam",D01.125.09,"Tòa án nhân dân khu vực 9 - Đà Nẵng","Tỉnh Quảng Nam"
D01.72.09,"Tòa án nhân dân huyện Nam Giang, tỉnh Quảng Nam",OLD,D01.72,"Tòa án nhân dân tỉnh Quảng Nam",D01.125.11,"Tòa án nhân dân khu vực 11 - Đà Nẵng","Tỉnh Quảng Nam"
D01.72.10,"Tòa án nhân dân huyện Nam Trà My, tỉnh Quảng Nam",OLD,D01.72,"Tòa án nhân dân tỉnh Quảng Nam",D01.125.08,"Tòa án nhân dân khu vực 8 - Đà Nẵng","Tỉnh Quảng Nam"
D01.72.12,"Tòa án nhân dân huyện Núi Thành, tỉnh Quảng Nam",OLD,D01.72,"Tòa án nhân dân tỉnh Quảng Nam",D01.125.05,"Tòa án nhân dân khu vực 5 - Đà Nẵng","Tỉnh Quảng Nam"
D01.72.13,"Tòa án nhân dân huyện Phú Ninh, tỉnh Quảng Nam",OLD,D01.72,"Tòa án nhân dân tỉnh Quảng Nam",D01.125.07,"Tòa án nhân dân khu vực 7 - Đà Nẵng","Tỉnh Quảng Nam"
D01.72.14,"Tòa án nhân dân huyện Phước Sơn, tỉnh Quảng Nam",OLD,D01.72,"Tòa án nhân dân tỉnh Quảng Nam",D01.125.09,"Tòa án nhân dân khu vực 9 - Đà Nẵng","Tỉnh Quảng Nam"
D01.72.15,"Tòa án nhân dân huyện Quế Sơn, tỉnh Quảng Nam",OLD,D01.72,"Tòa án nhân dân tỉnh Quảng Nam",D01.125.06,"Tòa án nhân dân khu vực 6 - Đà Nẵng","Tỉnh Quảng Nam"
D01.72.16,"Tòa án nhân dân huyện Tây Giang, tỉnh Quảng Nam",OLD,D01.72,"Tòa án nhân dân tỉnh Quảng Nam",D01.125.12,"Tòa án nhân dân khu vực 12 - Đà Nẵng","Tỉnh Quảng Nam"
D01.72.17,"Tòa án nhân dân huyện Thăng Bình, tỉnh Quảng Nam",OLD,D01.72,"Tòa án nhân dân tỉnh Quảng Nam",D01.125.06,"Tòa án nhân dân khu vực 6 - Đà Nẵng","Tỉnh Quảng Nam"
D01.72.18,"Tòa án nhân dân huyện Tiên Phước, tỉnh Quảng Nam",OLD,D01.72,"Tòa án nhân dân tỉnh Quảng Nam",D01.125.07,"Tòa án nhân dân khu vực 7 - Đà Nẵng","Tỉnh Quảng Nam"
D01.73.01,"Tòa án nhân dân thành phố Quảng Ngãi, tỉnh Quảng Ngãi",OLD,D01.73,"Tòa án nhân dân tỉnh Quảng Ngãi",D01.145.01,"Tòa án nhân dân khu vực 1 - Quảng Ngãi","Tỉnh Quảng Ngãi"
D01.73.02,"Tòa án nhân dân thị xã Đức Phổ, tỉnh Quảng Ngãi",OLD,D01.73,"Tòa án nhân dân tỉnh Quảng Ngãi",D01.145.06,"Tòa án nhân dân khu vực 6 - Quảng Ngãi","Tỉnh Quảng Ngãi"
D01.73.03,"Tòa án nhân dân huyện Ba Tơ, tỉnh Quảng Ngãi",OLD,D01.73,"Tòa án nhân dân tỉnh Quảng Ngãi",D01.145.06,"Tòa án nhân dân khu vực 6 - Quảng Ngãi","Tỉnh Quảng Ngãi"
D01.73.04,"Tòa án nhân dân huyện Bình Sơn, tỉnh Quảng Ngãi",OLD,D01.73,"Tòa án nhân dân tỉnh Quảng Ngãi",D01.145.02,"Tòa án nhân dân khu vực 2 - Quảng Ngãi","Tỉnh Quảng Ngãi"
D01.73.05,"Tòa án nhân dân huyện Lý Sơn, tỉnh Quảng Ngãi",OLD,D01.73,"Tòa án nhân dân tỉnh Quảng Ngãi",D01.145.01,"Tòa án nhân dân khu vực 1 - Quảng Ngãi","Tỉnh Quảng Ngãi"
D01.73.06,"Tòa án nhân dân huyện Minh Long, tỉnh Quảng Ngãi",OLD,D01.73,"Tòa án nhân dân tỉnh Quảng Ngãi",D01.145.05,"Tòa án nhân dân khu vực 5 - Quảng Ngãi","Tỉnh Quảng Ngãi"
D01.73.07,"Tòa án nhân dân huyện Mộ Đức, tỉnh Quảng Ngãi",OLD,D01.73,"Tòa án nhân dân tỉnh Quảng Ngãi",D01.145.04,"Tòa án nhân dân khu vực 4 - Quảng Ngãi","Tỉnh Quảng Ngãi"
D01.73.08,"Tòa án nhân dân huyện Nghĩa Hành, tỉnh Quảng Ngãi",OLD,D01.73,"Tòa án nhân dân tỉnh Quảng Ngãi",D01.145.05,"Tòa án nhân dân khu vực 5 - Quảng Ngãi","Tỉnh Quảng Ngãi"
D01.73.09,"Tòa án nhân dân huyện Sơn Hà, tỉnh Quảng Ngãi",OLD,D01.73,"Tòa án nhân dân tỉnh Quảng Ngãi",D01.145.03,"Tòa án nhân dân khu vực 3 - Quảng Ngãi","Tỉnh Quảng Ngãi"
D01.73.10,"Tòa án nhân dân huyện Sơn Tây, tỉnh Quảng Ngãi",OLD,D01.73,"Tòa án nhân dân tỉnh Quảng Ngãi",D01.145.03,"Tòa án nhân dân khu vực 3 - Quảng Ngãi","Tỉnh Quảng Ngãi"
D01.73.11,"Tòa án nhân dân huyện Sơn Tịnh, tỉnh Quảng Ngãi",OLD,D01.73,"Tòa án nhân dân tỉnh Quảng Ngãi",D01.145.03,"Tòa án nhân dân khu vực 3 - Quảng Ngãi","Tỉnh Quảng Ngãi"
D01.73.12,"Tòa án nhân dân huyện Trà Bồng, tỉnh Quảng Ngãi",OLD,D01.73,"Tòa án nhân dân tỉnh Quảng Ngãi",D01.145.02,"Tòa án nhân dân khu vực 2 - Quảng Ngãi","Tỉnh Quảng Ngãi"
D01.73.13,"Tòa án nhân dân huyện Tư Nghĩa, tỉnh Quảng Ngãi",OLD,D01.73,"Tòa án nhân dân tỉnh Quảng Ngãi",D01.145.04,"Tòa án nhân dân khu vực 4 - Quảng Ngãi","Tỉnh Quảng Ngãi"
D01.74.01,"Tòa án nhân dân thành phố Cẩm Phả, tỉnh Quảng Ninh",OLD,D01.74,"Tòa án nhân dân tỉnh Quảng Ninh",D01.146.03,"Tòa án nhân dân khu vực 3 - Quảng Ninh","Tỉnh Quảng Ninh"
D01.74.02,"Tòa án nhân dân thành phố Hạ Long, tỉnh Quảng Ninh",OLD,D01.74,"Tòa án nhân dân tỉnh Quảng Ninh",D01.146.01,"Tòa án nhân dân khu vực 1 - Quảng Ninh","Tỉnh Quảng Ninh"
D01.74.03,"Tòa án nhân dân thành phố Móng Cái, tỉnh Quảng Ninh",OLD,D01.74,"Tòa án nhân dân tỉnh Quảng Ninh",D01.146.06,"Tòa án nhân dân khu vực 6 - Quảng Ninh","Tỉnh Quảng Ninh"
D01.74.04,"Tòa án nhân dân thành phố Uông Bí, tỉnh Quảng Ninh",OLD,D01.74,"Tòa án nhân dân tỉnh Quảng Ninh",D01.146.02,"Tòa án nhân dân khu vực 2 - Quảng Ninh","Tỉnh Quảng Ninh"
D01.74.05,"Tòa án nhân dân thị xã Đông Triều, tỉnh Quảng Ninh",OLD,D01.74,"Tòa án nhân dân tỉnh Quảng Ninh",D01.146.05,"Tòa án nhân dân khu vực 5 - Quảng Ninh","Tỉnh Quảng Ninh"
D01.74.06,"Tòa án nhân dân thị xã Quảng Yên, tỉnh Quảng Ninh",OLD,D01.74,"Tòa án nhân dân tỉnh Quảng Ninh",D01.146.02,"Tòa án nhân dân khu vực 2 - Quảng Ninh","Tỉnh Quảng Ninh"
D01.74.07,"Tòa án nhân dân huyện Ba Chẽ, tỉnh Quảng Ninh",OLD,D01.74,"Tòa án nhân dân tỉnh Quảng Ninh",D01.146.04,"Tòa án nhân dân khu vực 4 - Quảng Ninh","Tỉnh Quảng Ninh"
D01.74.08,"Tòa án nhân dân huyện Bình Liêu, tỉnh Quảng Ninh",OLD,D01.74,"Tòa án nhân dân tỉnh Quảng Ninh",D01.146.04,"Tòa án nhân dân khu vực 4 - Quảng Ninh","Tỉnh Quảng Ninh"
D01.74.09,"Tòa án nhân dân huyện Cô Tô, tỉnh Quảng Ninh",OLD,D01.74,"Tòa án nhân dân tỉnh Quảng Ninh",D01.146.03,"Tòa án nhân dân khu vực 3 - Quảng Ninh","Tỉnh Quảng Ninh"
D01.74.10,"Tòa án nhân dân huyện Đầm Hà, tỉnh Quảng Ninh",OLD,D01.74,"Tòa án nhân dân tỉnh Quảng Ninh",D01.146.04,"Tòa án nhân dân khu vực 4 - Quảng Ninh","Tỉnh Quảng Ninh"
D01.74.11,"Tòa án nhân dân huyện Hải Hà, tỉnh Quảng Ninh",OLD,D01.74,"Tòa án nhân dân tỉnh Quảng Ninh",D01.146.06,"Tòa án nhân dân khu vực 6 - Quảng Ninh","Tỉnh Quảng Ninh"
D01.74.12,"Tòa án nhân dân huyện Tiên Yên, tỉnh Quảng Ninh",OLD,D01.74,"Tòa án nhân dân tỉnh Quảng Ninh",D01.146.04,"Tòa án nhân dân khu vực 4 - Quảng Ninh","Tỉnh Quảng Ninh"
D01.74.13,"Tòa án nhân dân huyện Vân Đồn, tỉnh Quảng Ninh",OLD,D01.74,"Tòa án nhân dân tỉnh Quảng Ninh",D01.146.03,"Tòa án nhân dân khu vực 3 - Quảng Ninh","Tỉnh Quảng Ninh"
D01.75.01,"Tòa án nhân dân thị xã Đông Hà, tỉnh Quảng Trị",OLD,D01.75,"Tòa án nhân dân tỉnh Quảng Trị",D01.147.05,"Tòa án nhân dân khu vực 5 - Quảng Trị","Tỉnh Quảng Trị"
D01.75.02,"Tòa án nhân dân thị xã Quảng Trị, tỉnh Quảng Trị",OLD,D01.75,"Tòa án nhân dân tỉnh Quảng Trị",D01.147.06,"Tòa án nhân dân khu vực 6 - Quảng Trị","Tỉnh Quảng Trị"
D01.75.03,"Tòa án nhân dân huyện Cam Lộ, tỉnh Quảng Trị",OLD,D01.75,"Tòa án nhân dân tỉnh Quảng Trị",D01.147.05,"Tòa án nhân dân khu vực 5 - Quảng Trị","Tỉnh Quảng Trị"
D01.75.04,"Tòa án nhân dân huyện Đa Krông, tỉnh Quảng Trị",OLD,D01.75,"Tòa án nhân dân tỉnh Quảng Trị",D01.147.07,"Tòa án nhân dân khu vực 7 - Quảng Trị","Tỉnh Quảng Trị"
D01.75.05,"Tòa án nhân dân huyện Gio Linh, tỉnh Quảng Trị",OLD,D01.75,"Tòa án nhân dân tỉnh Quảng Trị",D01.147.08,"Tòa án nhân dân khu vực 8 - Quảng Trị","Tỉnh Quảng Trị"
D01.75.06,"Tòa án nhân dân huyện Hải Lăng, tỉnh Quảng Trị",OLD,D01.75,"Tòa án nhân dân tỉnh Quảng Trị",D01.147.06,"Tòa án nhân dân khu vực 6 - Quảng Trị","Tỉnh Quảng Trị"
D01.75.07,"Tòa án nhân dân huyện Hướng Hoá, tỉnh Quảng Trị",OLD,D01.75,"Tòa án nhân dân tỉnh Quảng Trị",D01.147.07,"Tòa án nhân dân khu vực 7 - Quảng Trị","Tỉnh Quảng Trị"
D01.75.08,"Tòa án nhân dân huyện Triệu Phong, tỉnh Quảng Trị",OLD,D01.75,"Tòa án nhân dân tỉnh Quảng Trị",D01.147.06,"Tòa án nhân dân khu vực 6 - Quảng Trị","Tỉnh Quảng Trị"
D01.75.09,"Tòa án nhân dân huyện Vĩnh Linh, tỉnh Quảng Trị",OLD,D01.75,"Tòa án nhân dân tỉnh Quảng Trị",D01.147.08,"Tòa án nhân dân khu vực 8 - Quảng Trị","Tỉnh Quảng Trị"
D01.76.01,"Tòa án nhân dân thành phố Sóc Trăng, tỉnh Sóc Trăng",OLD,D01.76,"Tòa án nhân dân tỉnh Sóc Trăng",D01.124.05,"Tòa án nhân dân khu vực 5 - Cần Thơ","Tỉnh Sóc Trăng"
D01.76.02,"Tòa án nhân dân thị xã Vĩnh Châu, tỉnh Sóc Trăng",OLD,D01.76,"Tòa án nhân dân tỉnh Sóc Trăng",D01.124.08,"Tòa án nhân dân khu vực 8 - Cần Thơ","Tỉnh Sóc Trăng"
D01.76.03,"Tòa án nhân dân huyện Châu Thành, tỉnh Sóc Trăng",OLD,D01.76,"Tòa án nhân dân tỉnh Sóc Trăng",D01.124.06,"Tòa án nhân dân khu vực 6 - Cần Thơ","Tỉnh Sóc Trăng"
D01.76.04,"Tòa án nhân dân huyện Cù Lao Dung, tỉnh Sóc Trăng",OLD,D01.76,"Tòa án nhân dân tỉnh Sóc Trăng",D01.124.09,"Tòa án nhân dân khu vực 9 - Cần Thơ","Tỉnh Sóc Trăng"
D01.76.05,"Tòa án nhân dân huyện Kế Sách, tỉnh Sóc Trăng",OLD,D01.76,"Tòa án nhân dân tỉnh Sóc Trăng",D01.124.10,"Tòa án nhân dân khu vực 10 - Cần Thơ","Tỉnh Sóc Trăng"
D01.76.06,"Tòa án nhân dân huyện Long Phú, tỉnh Sóc Trăng",OLD,D01.76,"Tòa án nhân dân tỉnh Sóc Trăng",D01.124.09,"Tòa án nhân dân khu vực 9 - Cần Thơ","Tỉnh Sóc Trăng"
D01.76.07,"Tòa án nhân dân huyện Mỹ Tú, tỉnh Sóc Trăng",OLD,D01.76,"Tòa án nhân dân tỉnh Sóc Trăng",D01.124.06,"Tòa án nhân dân khu vực 6 - Cần Thơ","Tỉnh Sóc Trăng"
D01.76.08,"Tòa án nhân dân huyện Mỹ Xuyên, tỉnh Sóc Trăng",OLD,D01.76,"Tòa án nhân dân tỉnh Sóc Trăng",D01.124.08,"Tòa án nhân dân khu vực 8 - Cần Thơ","Tỉnh Sóc Trăng"
D01.76.09,"Tòa án nhân dân thị xã Ngã Năm, tỉnh Sóc Trăng",OLD,D01.76,"Tòa án nhân dân tỉnh Sóc Trăng",D01.124.07,"Tòa án nhân dân khu vực 7 - Cần Thơ","Tỉnh Sóc Trăng"
D01.76.10,"Tòa án nhân dân huyện Thạnh Trị, tỉnh Sóc Trăng",OLD,D01.76,"Tòa án nhân dân tỉnh Sóc Trăng",D01.124.07,"Tòa án nhân dân khu vực 7 - Cần Thơ","Tỉnh Sóc Trăng"
D01.76.11,"Tòa án nhân dân huyện Trần Đề, tỉnh Sóc Trăng",OLD,D01.76,"Tòa án nhân dân tỉnh Sóc Trăng",D01.124.09,"Tòa án nhân dân khu vực 9 - Cần Thơ","Tỉnh Sóc Trăng"
D01.77.01,"Tòa án nhân dân thành phố Sơn La, tỉnh Sơn La",OLD,D01.77,"Tòa án nhân dân tỉnh Sơn La",D01.148.01,"Tòa án nhân dân khu vực 1 - Sơn La","Tỉnh Sơn La"
D01.77.02,"Tòa án nhân dân huyện Bắc Yên, tỉnh Sơn La",OLD,D01.77,"Tòa án nhân dân tỉnh Sơn La",D01.148.05,"Tòa án nhân dân khu vực 5 - Sơn La","Tỉnh Sơn La"
D01.77.03,"Tòa án nhân dân huyện Mai Sơn, tỉnh Sơn La",OLD,D01.77,"Tòa án nhân dân tỉnh Sơn La",D01.148.04,"Tòa án nhân dân khu vực 4 - Sơn La","Tỉnh Sơn La"
D01.77.04,"Tòa án nhân dân huyện Mộc Châu, tỉnh Sơn La",OLD,D01.77,"Tòa án nhân dân tỉnh Sơn La",D01.148.06,"Tòa án nhân dân khu vực 6 - Sơn La","Tỉnh Sơn La"
D01.77.05,"Tòa án nhân dân huyện Mường La, tỉnh Sơn La",OLD,D01.77,"Tòa án nhân dân tỉnh Sơn La",D01.148.01,"Tòa án nhân dân khu vực 1 - Sơn La","Tỉnh Sơn La"
D01.77.06,"Tòa án nhân dân huyện Phù Yên, tỉnh Sơn La",OLD,D01.77,"Tòa án nhân dân tỉnh Sơn La",D01.148.05,"Tòa án nhân dân khu vực 5 - Sơn La","Tỉnh Sơn La"
D01.77.07,"Tòa án nhân dân huyện Quỳnh Nhai, tỉnh Sơn La",OLD,D01.77,"Tòa án nhân dân tỉnh Sơn La",D01.148.02,"Tòa án nhân dân khu vực 2 - Sơn La","Tỉnh Sơn La"
D01.77.08,"Tòa án nhân dân huyện Sông mã, tỉnh Sơn La",OLD,D01.77,"Tòa án nhân dân tỉnh Sơn La",D01.148.03,"Tòa án nhân dân khu vực 3 - Sơn La","Tỉnh Sơn La"
D01.77.09,"Tòa án nhân dân huyện Sốp Cộp, tỉnh Sơn La",OLD,D01.77,"Tòa án nhân dân tỉnh Sơn La",D01.148.03,"Tòa án nhân dân khu vực 3 - Sơn La","Tỉnh Sơn La"
D01.77.10,"Tòa án nhân dân huyện Thuận Châu, tỉnh Sơn La",OLD,D01.77,"Tòa án nhân dân tỉnh Sơn La",D01.148.02,"Tòa án nhân dân khu vực 2 - Sơn La","Tỉnh Sơn La"
D01.77.11,"Tòa án nhân dân huyện Vân Hồ, tỉnh Sơn La",OLD,D01.77,"Tòa án nhân dân tỉnh Sơn La",D01.148.06,"Tòa án nhân dân khu vực 6 - Sơn La","Tỉnh Sơn La"
D01.77.12,"Tòa án nhân dân huyện Yên Châu, tỉnh Sơn La",OLD,D01.77,"Tòa án nhân dân tỉnh Sơn La",D01.148.04,"Tòa án nhân dân khu vực 4 - Sơn La","Tỉnh Sơn La"
D01.78.01,"Tòa án nhân dân thành phố Tây Ninh, tỉnh Tây Ninh",OLD,D01.78,"Tòa án nhân dân tỉnh Tây Ninh",D01.149.10,"Tòa án nhân dân khu vực 10 - Tây Ninh","Tỉnh Tây Ninh"
D01.78.02,"Tòa án nhân dân huyện Bến Cầu, tỉnh Tây Ninh",OLD,D01.78,"Tòa án nhân dân tỉnh Tây Ninh",D01.149.12,"Tòa án nhân dân khu vực 12 - Tây Ninh","Tỉnh Tây Ninh"
D01.78.03,"Tòa án nhân dân huyện Châu Thành, tỉnh Tây Ninh",OLD,D01.78,"Tòa án nhân dân tỉnh Tây Ninh",D01.149.10,"Tòa án nhân dân khu vực 10 - Tây Ninh","Tỉnh Tây Ninh"
D01.78.04,"Tòa án nhân dân huyện Dương Minh Châu, tỉnh Tây Ninh",OLD,D01.78,"Tòa án nhân dân tỉnh Tây Ninh",D01.149.11,"Tòa án nhân dân khu vực 11 - Tây Ninh","Tỉnh Tây Ninh"
D01.78.05,"Tòa án nhân dân huyện Gò Dầu, tỉnh Tây Ninh",OLD,D01.78,"Tòa án nhân dân tỉnh Tây Ninh",D01.149.12,"Tòa án nhân dân khu vực 12 - Tây Ninh","Tỉnh Tây Ninh"
D01.78.06,"Tòa án nhân dân huyện Hòa Thành, tỉnh Tây Ninh",OLD,D01.78,"Tòa án nhân dân tỉnh Tây Ninh",D01.149.10,"Tòa án nhân dân khu vực 10 - Tây Ninh","Tỉnh Tây Ninh"
D01.78.07,"Tòa án nhân dân huyện Tân Biên, tỉnh Tây Ninh",OLD,D01.78,"Tòa án nhân dân tỉnh Tây Ninh",D01.149.11,"Tòa án nhân dân khu vực 11 - Tây Ninh","Tỉnh Tây Ninh"
D01.78.08,"Tòa án nhân dân huyện Tân Châu, tỉnh Tây Ninh",OLD,D01.78,"Tòa án nhân dân tỉnh Tây Ninh",D01.149.11,"Tòa án nhân dân khu vực 11 - Tây Ninh","Tỉnh Tây Ninh"
D01.78.09,"Tòa án nhân dân thị xã Trảng Bàng, tỉnh Tây Ninh",OLD,D01.78,"Tòa án nhân dân tỉnh Tây Ninh",D01.149.12,"Tòa án nhân dân khu vực 12 - Tây Ninh","Tỉnh Tây Ninh"
D01.79.01,"Tòa án nhân dân thành phố Thái bình, tỉnh Thái Bình",OLD,D01.79,"Tòa án nhân dân tỉnh Thái Bình",D01.136.05,"Tòa án nhân dân khu vực 5 - Hưng Yên","Tỉnh Thái Bình"
D01.79.02,"Tòa án nhân dân huyện Đông Hưng, tỉnh Thái Bình",OLD,D01.79,"Tòa án nhân dân tỉnh Thái Bình",D01.136.07,"Tòa án nhân dân khu vực 7 - Hưng Yên","Tỉnh Thái Bình"
D01.79.03,"Tòa án nhân dân huyện Hưng Hà, tỉnh Thái Bình",OLD,D01.79,"Tòa án nhân dân tỉnh Thái Bình",D01.136.08,"Tòa án nhân dân khu vực 8 - Hưng Yên","Tỉnh Thái Bình"
D01.79.04,"Tòa án nhân dân huyện Kiến Xương, tỉnh Thái Bình",OLD,D01.79,"Tòa án nhân dân tỉnh Thái Bình",D01.136.06,"Tòa án nhân dân khu vực 6 - Hưng Yên","Tỉnh Thái Bình"
D01.79.05,"Tòa án nhân dân huyện Quỳnh Phụ, tỉnh Thái Bình",OLD,D01.79,"Tòa án nhân dân tỉnh Thái Bình",D01.136.08,"Tòa án nhân dân khu vực 8 - Hưng Yên","Tỉnh Thái Bình"
D01.79.06,"Tòa án nhân dân huyện Thái Thụy, tỉnh Thái Bình",OLD,D01.79,"Tòa án nhân dân tỉnh Thái Bình",D01.136.07,"Tòa án nhân dân khu vực 7 - Hưng Yên","Tỉnh Thái Bình"
D01.79.07,"Tòa án nhân dân huyện Tiền Hải, tỉnh Thái Bình",OLD,D01.79,"Tòa án nhân dân tỉnh Thái Bình",D01.136.06,"Tòa án nhân dân khu vực 6 - Hưng Yên","Tỉnh Thái Bình"
D01.79.08,"Tòa án nhân dân huyện Vũ Thư, tỉnh Thái Bình",OLD,D01.79,"Tòa án nhân dân tỉnh Thái Bình",D01.136.05,"Tòa án nhân dân khu vực 5 - Hưng Yên","Tỉnh Thái Bình"
D01.80.01,"Tòa án nhân dân thành phố Thái Nguyên, tỉnh Thái Nguyên",OLD,D01.80,"Tòa án nhân dân tỉnh Thái Nguyên",D01.150.01,"Tòa án nhân dân khu vực 1 - Thái Nguyên","Tỉnh Thái Nguyên"
D01.80.02,"Tòa án nhân dân thành phố Sông Công, tỉnh Thái Nguyên",OLD,D01.80,"Tòa án nhân dân tỉnh Thái Nguyên",D01.150.02,"Tòa án nhân dân khu vực 2 - Thái Nguyên","Tỉnh Thái Nguyên"
D01.80.03,"Tòa án nhân dân thị xã Phổ Yên, tỉnh Thái Nguyên",OLD,D01.80,"Tòa án nhân dân tỉnh Thái Nguyên",D01.150.02,"Tòa án nhân dân khu vực 2 - Thái Nguyên","Tỉnh Thái Nguyên"
D01.80.04,"Tòa án nhân dân huyện Đại Từ, tỉnh Thái Nguyên",OLD,D01.80,"Tòa án nhân dân tỉnh Thái Nguyên",D01.150.03,"Tòa án nhân dân khu vực 3 - Thái Nguyên","Tỉnh Thái Nguyên"
D01.80.05,"Tòa án nhân dân huyện Định Hoá, tỉnh Thái Nguyên",OLD,D01.80,"Tòa án nhân dân tỉnh Thái Nguyên",D01.150.04,"Tòa án nhân dân khu vực 4 - Thái Nguyên","Tỉnh Thái Nguyên"
D01.80.06,"Tòa án nhân dân huyện Đồng Hỷ, tỉnh Thái Nguyên",OLD,D01.80,"Tòa án nhân dân tỉnh Thái Nguyên",D01.150.05,"Tòa án nhân dân khu vực 5 - Thái Nguyên","Tỉnh Thái Nguyên"
D01.80.07,"Tòa án nhân dân huyện Phú Bình, tỉnh Thái Nguyên",OLD,D01.80,"Tòa án nhân dân tỉnh Thái Nguyên",D01.150.01,"Tòa án nhân dân khu vực 1 - Thái Nguyên","Tỉnh Thái Nguyên"
D01.80.08,"Tòa án nhân dân huyện Phú Lương, tỉnh Thái Nguyên",OLD,D01.80,"Tòa án nhân dân tỉnh Thái Nguyên",D01.150.04,"Tòa án nhân dân khu vực 4 - Thái Nguyên","Tỉnh Thái Nguyên"
D01.80.09,"Tòa án nhân dân huyện Võ Nhai, tỉnh Thái Nguyên",OLD,D01.80,"Tòa án nhân dân tỉnh Thái Nguyên",D01.150.05,"Tòa án nhân dân khu vực 5 - Thái Nguyên","Tỉnh Thái Nguyên"
D01.81.01,"Tòa án nhân dân thành phố Thanh Hóa, tỉnh Thanh Hóa",OLD,D01.81,"Tòa án nhân dân tỉnh Thanh Hóa",D01.151.01,"Tòa án nhân dân khu vực 1 - Thanh Hóa","Tỉnh Thanh Hóa"
D01.81.02,"Tòa án nhân dân thành phố Sầm Sơn, tỉnh Thanh Hóa",OLD,D01.81,"Tòa án nhân dân tỉnh Thanh Hóa",D01.151.04,"Tòa án nhân dân khu vực 4 - Thanh Hóa","Tỉnh Thanh Hóa"
D01.81.03,"Tòa án nhân dân thị xã Bỉm Sơn, tỉnh Thanh Hóa",OLD,D01.81,"Tòa án nhân dân tỉnh Thanh Hóa",D01.151.06,"Tòa án nhân dân khu vực 6 - Thanh Hóa","Tỉnh Thanh Hóa"
D01.81.04,"Tòa án nhân dân thị xã Nghi Sơn, tỉnh Thanh Hóa",OLD,D01.81,"Tòa án nhân dân tỉnh Thanh Hóa",D01.151.09,"Tòa án nhân dân khu vực 9 - Thanh Hóa","Tỉnh Thanh Hóa"
D01.81.05,"Tòa án nhân dân huyện Bá Thước, tỉnh Thanh Hóa",OLD,D01.81,"Tòa án nhân dân tỉnh Thanh Hóa",D01.151.12,"Tòa án nhân dân khu vực 12 - Thanh Hóa","Tỉnh Thanh Hóa"
D01.81.06,"Tòa án nhân dân huyện Cẩm Thuỷ, tỉnh Thanh Hóa",OLD,D01.81,"Tòa án nhân dân tỉnh Thanh Hóa",D01.151.12,"Tòa án nhân dân khu vực 12 - Thanh Hóa","Tỉnh Thanh Hóa"
D01.81.08,"Tòa án nhân dân huyện Hà Trung, tỉnh Thanh Hóa",OLD,D01.81,"Tòa án nhân dân tỉnh Thanh Hóa",D01.151.06,"Tòa án nhân dân khu vực 6 - Thanh Hóa","Tỉnh Thanh Hóa"
D01.81.09,"Tòa án nhân dân huyện Hậu Lộc, tỉnh Thanh Hóa",OLD,D01.81,"Tòa án nhân dân tỉnh Thanh Hóa",D01.151.05,"Tòa án nhân dân khu vực 5 - Thanh Hóa","Tỉnh Thanh Hóa"
D01.81.10,"Tòa án nhân dân huyện Hoằng Hoá, tỉnh Thanh Hóa",OLD,D01.81,"Tòa án nhân dân tỉnh Thanh Hóa",D01.151.04,"Tòa án nhân dân khu vực 4 - Thanh Hóa","Tỉnh Thanh Hóa"
D01.81.11,"Tòa án nhân dân huyện Lang Chánh, tỉnh Thanh Hóa",OLD,D01.81,"Tòa án nhân dân tỉnh Thanh Hóa",D01.151.11,"Tòa án nhân dân khu vực 11 - Thanh Hóa","Tỉnh Thanh Hóa"
D01.81.12,"Tòa án nhân dân huyện Mường Lát, tỉnh Thanh Hóa",OLD,D01.81,"Tòa án nhân dân tỉnh Thanh Hóa",D01.151.13,"Tòa án nhân dân khu vực 13 - Thanh Hóa","Tỉnh Thanh Hóa"
D01.81.13,"Tòa án nhân dân huyện Nga Sơn, tỉnh Thanh Hóa",OLD,D01.81,"Tòa án nhân dân tỉnh Thanh Hóa",D01.151.05,"Tòa án nhân dân khu vực 5 - Thanh Hóa","Tỉnh Thanh Hóa"
D01.81.14,"Tòa án nhân dân huyện Ngọc Lặc, tỉnh Thanh Hóa",OLD,D01.81,"Tòa án nhân dân tỉnh Thanh Hóa",D01.151.10,"Tòa án nhân dân khu vực 10 - Thanh Hóa","Tỉnh Thanh Hóa"
D01.81.15,"Tòa án nhân dân huyện Như Thanh, tỉnh Thanh Hóa",OLD,D01.81,"Tòa án nhân dân tỉnh Thanh Hóa",D01.151.09,"Tòa án nhân dân khu vực 9 - Thanh Hóa","Tỉnh Thanh Hóa"
D01.81.16,"Tòa án nhân dân huyện Như Xuân, tỉnh Thanh Hóa",OLD,D01.81,"Tòa án nhân dân tỉnh Thanh Hóa",D01.151.10,"Tòa án nhân dân khu vực 10 - Thanh Hóa","Tỉnh Thanh Hóa"
D01.81.17,"Tòa án nhân dân huyện Nông Cống, tỉnh Thanh Hóa",OLD,D01.81,"Tòa án nhân dân tỉnh Thanh Hóa",D01.151.02,"Tòa án nhân dân khu vực 2 - Thanh Hóa","Tỉnh Thanh Hóa"
D01.81.18,"Tòa án nhân dân huyện Quan Hoá, tỉnh Thanh Hóa",OLD,D01.81,"Tòa án nhân dân tỉnh Thanh Hóa",D01.151.13,"Tòa án nhân dân khu vực 13 - Thanh Hóa","Tỉnh Thanh Hóa"
D01.81.19,"Tòa án nhân dân huyện Quan Sơn, tỉnh Thanh Hóa",OLD,D01.81,"Tòa án nhân dân tỉnh Thanh Hóa",D01.151.11,"Tòa án nhân dân khu vực 11 - Thanh Hóa","Tỉnh Thanh Hóa"
D01.81.20,"Tòa án nhân dân huyện Quảng Xương, tỉnh Thanh Hóa",OLD,D01.81,"Tòa án nhân dân tỉnh Thanh Hóa",D01.151.02,"Tòa án nhân dân khu vực 2 - Thanh Hóa","Tỉnh Thanh Hóa"
D01.81.21,"Tòa án nhân dân huyện Thạch Thành, tỉnh Thanh Hóa",OLD,D01.81,"Tòa án nhân dân tỉnh Thanh Hóa",D01.151.07,"Tòa án nhân dân khu vực 7 - Thanh Hóa","Tỉnh Thanh Hóa"
D01.81.22,"Tòa án nhân dân huyện Thiệu Hoá, tỉnh Thanh Hóa",OLD,D01.81,"Tòa án nhân dân tỉnh Thanh Hóa",D01.151.03,"Tòa án nhân dân khu vực 3 - Thanh Hóa","Tỉnh Thanh Hóa"
D01.81.23,"Tòa án nhân dân huyện Thọ Xuân, tỉnh Thanh Hóa",OLD,D01.81,"Tòa án nhân dân tỉnh Thanh Hóa",D01.151.08,"Tòa án nhân dân khu vực 8 - Thanh Hóa","Tỉnh Thanh Hóa"
D01.81.24,"Tòa án nhân dân huyện Thường Xuân, tỉnh Thanh Hóa",OLD,D01.81,"Tòa án nhân dân tỉnh Thanh Hóa",D01.151.10,"Tòa án nhân dân khu vực 10 - Thanh Hóa","Tỉnh Thanh Hóa"
D01.81.25,"Tòa án nhân dân huyện Triệu Sơn, tỉnh Thanh Hóa",OLD,D01.81,"Tòa án nhân dân tỉnh Thanh Hóa",D01.151.03,"Tòa án nhân dân khu vực 3 - Thanh Hóa","Tỉnh Thanh Hóa"
D01.81.26,"Tòa án nhân dân huyện Vĩnh Lộc, tỉnh Thanh Hóa",OLD,D01.81,"Tòa án nhân dân tỉnh Thanh Hóa",D01.151.07,"Tòa án nhân dân khu vực 7 - Thanh Hóa","Tỉnh Thanh Hóa"
D01.81.27,"Tòa án nhân dân huyện Yên Định, tỉnh Thanh Hóa",OLD,D01.81,"Tòa án nhân dân tỉnh Thanh Hóa",D01.151.08,"Tòa án nhân dân khu vực 8 - Thanh Hóa","Tỉnh Thanh Hóa"
D01.82.02,"Tòa án nhân dân huyện A Lưới, tỉnh Thừa Thiên - Huế",OLD,D01.82,"Tòa án nhân dân tỉnh Thừa Thiên - Huế",D01.135.03,"Tòa án nhân dân khu vực 3 - Huế","Thành phố Huế"
D01.82.03,"Tòa án nhân dân huyện Hương Thuỷ, tỉnh Thừa Thiên - Huế",OLD,D01.82,"Tòa án nhân dân tỉnh Thừa Thiên - Huế",D01.135.04,"Tòa án nhân dân khu vực 4 - Huế","Thành phố Huế"
D01.82.04,"Tòa án nhân dân huyện Hương Trà, tỉnh Thừa Thiên - Huế",OLD,D01.82,"Tòa án nhân dân tỉnh Thừa Thiên - Huế",D01.135.03,"Tòa án nhân dân khu vực 3 - Huế","Thành phố Huế"
D01.82.06,"Tòa án nhân dân huyện Phong Điền, tỉnh Thừa Thiên - Huế",OLD,D01.82,"Tòa án nhân dân tỉnh Thừa Thiên - Huế",D01.135.03,"Tòa án nhân dân khu vực 3 - Huế","Thành phố Huế"
D01.82.07,"Tòa án nhân dân huyện Phú Lộc, tỉnh Thừa Thiên - Huế",OLD,D01.82,"Tòa án nhân dân tỉnh Thừa Thiên - Huế",D01.135.04,"Tòa án nhân dân khu vực 4 - Huế","Thành phố Huế"
D01.82.08,"Tòa án nhân dân huyện Phú Vang, tỉnh Thừa Thiên - Huế",OLD,D01.82,"Tòa án nhân dân tỉnh Thừa Thiên - Huế",D01.135.01,"Tòa án nhân dân khu vực 1 - Huế","Thành phố Huế"
D01.82.09,"Tòa án nhân dân huyện Quảng Điền, tỉnh Thừa Thiên - Huế",OLD,D01.82,"Tòa án nhân dân tỉnh Thừa Thiên - Huế",D01.135.02,"Tòa án nhân dân khu vực 2 - Huế","Thành phố Huế"
D01.83.01,"Tòa án nhân dân thành phố Mỹ Tho, tỉnh Tiền Giang",OLD,D01.83,"Tòa án nhân dân tỉnh Tiền Giang",D01.129.01,"Tòa án nhân dân khu vực 1 - Đồng Tháp","Tỉnh Tiền Giang"
D01.83.02,"Tòa án nhân dân thị xã Cai Lậy, tỉnh Tiền Giang",OLD,D01.83,"Tòa án nhân dân tỉnh Tiền Giang",D01.129.04,"Tòa án nhân dân khu vực 4 - Đồng Tháp","Tỉnh Tiền Giang"
D01.83.03,"Tòa án nhân dân thị xã Gò Công, tỉnh Tiền Giang",OLD,D01.83,"Tòa án nhân dân tỉnh Tiền Giang",D01.129.02,"Tòa án nhân dân khu vực 2 - Đồng Tháp","Tỉnh Tiền Giang"
D01.83.04,"Tòa án nhân dân huyện Cái Bè, tỉnh Tiền Giang",OLD,D01.83,"Tòa án nhân dân tỉnh Tiền Giang",D01.129.05,"Tòa án nhân dân khu vực 5 - Đồng Tháp","Tỉnh Tiền Giang"
D01.83.06,"Tòa án nhân dân huyện Châu Thành, tỉnh Tiền Giang",OLD,D01.83,"Tòa án nhân dân tỉnh Tiền Giang",D01.129.03,"Tòa án nhân dân khu vực 3 - Đồng Tháp","Tỉnh Tiền Giang"
D01.83.07,"Tòa án nhân dân huyện Chợ Gạo, tỉnh Tiền Giang",OLD,D01.83,"Tòa án nhân dân tỉnh Tiền Giang",D01.129.01,"Tòa án nhân dân khu vực 1 - Đồng Tháp","Tỉnh Tiền Giang"
D01.83.08,"Tòa án nhân dân huyện Gò Công Đông, tỉnh Tiền Giang",OLD,D01.83,"Tòa án nhân dân tỉnh Tiền Giang",D01.129.02,"Tòa án nhân dân khu vực 2 - Đồng Tháp","Tỉnh Tiền Giang"
D01.83.09,"Tòa án nhân dân huyện Gò Công Tây, tỉnh Tiền Giang",OLD,D01.83,"Tòa án nhân dân tỉnh Tiền Giang",D01.129.02,"Tòa án nhân dân khu vực 2 - Đồng Tháp","Tỉnh Tiền Giang"
D01.83.10,"Tòa án nhân dân huyện Tân Phú Đông, tỉnh Tiền Giang",OLD,D01.83,"Tòa án nhân dân tỉnh Tiền Giang",D01.129.02,"Tòa án nhân dân khu vực 2 - Đồng Tháp","Tỉnh Tiền Giang"
D01.83.11,"Tòa án nhân dân huyện Tân Phước, tỉnh Tiền Giang",OLD,D01.83,"Tòa án nhân dân tỉnh Tiền Giang",D01.129.03,"Tòa án nhân dân khu vực 3 - Đồng Tháp","Tỉnh Tiền Giang"
D01.84.01,"Tòa án nhân dân thành phố Trà Vinh, tỉnh Trà Vinh",OLD,D01.84,"Tòa án nhân dân tỉnh Trà Vinh",D01.153.10,"Tòa án nhân dân khu vực 10 - Vĩnh Long","Tỉnh Trà Vinh"
D01.84.02,"Tòa án nhân dân thị xã Duyên Hải, tỉnh Trà Vinh",OLD,D01.84,"Tòa án nhân dân tỉnh Trà Vinh",D01.153.14,"Tòa án nhân dân khu vực 14 - Vĩnh Long","Tỉnh Trà Vinh"
D01.84.03,"Tòa án nhân dân huyện Càng Long, tỉnh Trà Vinh",OLD,D01.84,"Tòa án nhân dân tỉnh Trà Vinh",D01.153.11,"Tòa án nhân dân khu vực 11 - Vĩnh Long","Tỉnh Trà Vinh"
D01.84.04,"Tòa án nhân dân huyện Cầu Kè, tỉnh Trà Vinh",OLD,D01.84,"Tòa án nhân dân tỉnh Trà Vinh",D01.153.12,"Tòa án nhân dân khu vực 12 - Vĩnh Long","Tỉnh Trà Vinh"
D01.84.05,"Tòa án nhân dân huyện Cầu Ngang, tỉnh Trà Vinh",OLD,D01.84,"Tòa án nhân dân tỉnh Trà Vinh",D01.153.13,"Tòa án nhân dân khu vực 13 - Vĩnh Long","Tỉnh Trà Vinh"
D01.84.06,"Tòa án nhân dân huyện Châu Thành, tỉnh Trà Vinh",OLD,D01.84,"Tòa án nhân dân tỉnh Trà Vinh",D01.153.10,"Tòa án nhân dân khu vực 10 - Vĩnh Long","Tỉnh Trà Vinh"
D01.84.08,"Tòa án nhân dân huyện Tiểu Cần, tỉnh Trà Vinh",OLD,D01.84,"Tòa án nhân dân tỉnh Trà Vinh",D01.153.12,"Tòa án nhân dân khu vực 12 - Vĩnh Long","Tỉnh Trà Vinh"
D01.84.09,"Tòa án nhân dân huyện Trà Cú, tỉnh Trà Vinh",OLD,D01.84,"Tòa án nhân dân tỉnh Trà Vinh",D01.153.13,"Tòa án nhân dân khu vực 13 - Vĩnh Long","Tỉnh Trà Vinh"
D01.85.01,"Tòa án nhân dân thành phố Tuyên Quang, tỉnh Tuyên Quang",OLD,D01.85,"Tòa án nhân dân tỉnh Tuyên Quang",D01.152.01,"Tòa án nhân dân khu vực 1 - Tuyên Quang","Tỉnh Tuyên Quang"
D01.85.02,"Tòa án nhân dân huyện Chiêm Hoá, tỉnh Tuyên Quang",OLD,D01.85,"Tòa án nhân dân tỉnh Tuyên Quang",D01.152.02,"Tòa án nhân dân khu vực 2 - Tuyên Quang","Tỉnh Tuyên Quang"
D01.85.03,"Tòa án nhân dân huyện Hàm Yên, tỉnh Tuyên Quang",OLD,D01.85,"Tòa án nhân dân tỉnh Tuyên Quang",D01.152.02,"Tòa án nhân dân khu vực 2 - Tuyên Quang","Tỉnh Tuyên Quang"
D01.85.04,"Tòa án nhân dân huyện Lâm Bình, tỉnh Tuyên Quang",OLD,D01.85,"Tòa án nhân dân tỉnh Tuyên Quang",D01.152.03,"Tòa án nhân dân khu vực 3 - Tuyên Quang","Tỉnh Tuyên Quang"
D01.85.06,"Tòa án nhân dân huyện Sơn Dương, tỉnh Tuyên Quang",OLD,D01.85,"Tòa án nhân dân tỉnh Tuyên Quang",D01.152.01,"Tòa án nhân dân khu vực 1 - Tuyên Quang","Tỉnh Tuyên Quang"
D01.85.07,"Tòa án nhân dân huyện Yên Sơn, tỉnh Tuyên Quang",OLD,D01.85,"Tòa án nhân dân tỉnh Tuyên Quang",D01.152.01,"Tòa án nhân dân khu vực 1 - Tuyên Quang","Tỉnh Tuyên Quang"
D01.86.01,"Tòa án nhân dân thành phố Vĩnh Long, tỉnh Vĩnh Long",OLD,D01.86,"Tòa án nhân dân tỉnh Vĩnh Long",D01.153.01,"Tòa án nhân dân khu vực 1 - Vĩnh Long","Tỉnh Vĩnh Long"
D01.86.02,"Tòa án nhân dân thị xã Bình Minh, tỉnh Vĩnh Long",OLD,D01.86,"Tòa án nhân dân tỉnh Vĩnh Long",D01.153.03,"Tòa án nhân dân khu vực 3 - Vĩnh Long","Tỉnh Vĩnh Long"
D01.86.04,"Tòa án nhân dân huyện Long Hồ, tỉnh Vĩnh Long",OLD,D01.86,"Tòa án nhân dân tỉnh Vĩnh Long",D01.153.01,"Tòa án nhân dân khu vực 1 - Vĩnh Long","Tỉnh Vĩnh Long"
D01.86.05,"Tòa án nhân dân huyện Mang Thít, tỉnh Vĩnh Long",OLD,D01.86,"Tòa án nhân dân tỉnh Vĩnh Long",D01.153.02,"Tòa án nhân dân khu vực 2 - Vĩnh Long","Tỉnh Vĩnh Long"
D01.86.06,"Tòa án nhân dân huyện Tam Bình, tỉnh Vĩnh Long",OLD,D01.86,"Tòa án nhân dân tỉnh Vĩnh Long",D01.153.02,"Tòa án nhân dân khu vực 2 - Vĩnh Long","Tỉnh Vĩnh Long"
D01.86.07,"Tòa án nhân dân huyện Trà Ôn, tỉnh Vĩnh Long",OLD,D01.86,"Tòa án nhân dân tỉnh Vĩnh Long",D01.153.04,"Tòa án nhân dân khu vực 4 - Vĩnh Long","Tỉnh Vĩnh Long"
D01.86.08,"Tòa án nhân dân huyện Vũng Liêm, tỉnh Vĩnh Long",OLD,D01.86,"Tòa án nhân dân tỉnh Vĩnh Long",D01.153.04,"Tòa án nhân dân khu vực 4 - Vĩnh Long","Tỉnh Vĩnh Long"
D01.87.01,"Tòa án nhân dân thành phố Vĩnh Yên, tỉnh Vĩnh Phúc",OLD,D01.87,"Tòa án nhân dân tỉnh Vĩnh Phúc",D01.144.09,"Tòa án nhân dân khu vực 9 - Phú Thọ","Tỉnh Vĩnh Phúc"
D01.87.02,"Tòa án nhân dân thành phố Phúc Yên, tỉnh Vĩnh Phúc",OLD,D01.87,"Tòa án nhân dân tỉnh Vĩnh Phúc",D01.144.08,"Tòa án nhân dân khu vực 8 - Phú Thọ","Tỉnh Vĩnh Phúc"
D01.87.03,"Tòa án nhân dân huyện Bình Xuyên, tỉnh Vĩnh Phúc",OLD,D01.87,"Tòa án nhân dân tỉnh Vĩnh Phúc",D01.144.08,"Tòa án nhân dân khu vực 8 - Phú Thọ","Tỉnh Vĩnh Phúc"
D01.87.04,"Tòa án nhân dân huyện Lập Thạch, tỉnh Vĩnh Phúc",OLD,D01.87,"Tòa án nhân dân tỉnh Vĩnh Phúc",D01.144.11,"Tòa án nhân dân khu vực 11 - Phú Thọ","Tỉnh Vĩnh Phúc"
D01.87.05,"Tòa án nhân dân huyện Sông Lô, tỉnh Vĩnh Phúc",OLD,D01.87,"Tòa án nhân dân tỉnh Vĩnh Phúc",D01.144.11,"Tòa án nhân dân khu vực 11 - Phú Thọ","Tỉnh Vĩnh Phúc"
D01.87.06,"Tòa án nhân dân huyện Tam Đảo, tỉnh Vĩnh Phúc",OLD,D01.87,"Tòa án nhân dân tỉnh Vĩnh Phúc",D01.144.09,"Tòa án nhân dân khu vực 9 - Phú Thọ","Tỉnh Vĩnh Phúc"
D01.87.07,"Tòa án nhân dân huyện Tam Dương, tỉnh Vĩnh Phúc",OLD,D01.87,"Tòa án nhân dân tỉnh Vĩnh Phúc",D01.144.09,"Tòa án nhân dân khu vực 9 - Phú Thọ","Tỉnh Vĩnh Phúc"
D01.87.08,"Tòa án nhân dân huyện Vĩnh Tường, tỉnh Vĩnh Phúc",OLD,D01.87,"Tòa án nhân dân tỉnh Vĩnh Phúc",D01.144.10,"Tòa án nhân dân khu vực 10 - Phú Thọ","Tỉnh Vĩnh Phúc"
D01.87.09,"Tòa án nhân dân huyện Yên Lạc, tỉnh Vĩnh Phúc",OLD,D01.87,"Tòa án nhân dân tỉnh Vĩnh Phúc",D01.144.10,"Tòa án nhân dân khu vực 10 - Phú Thọ","Tỉnh Vĩnh Phúc"
D01.88.01,"Tòa án nhân dân thành phố Yên Bái, tỉnh Yên Bái",OLD,D01.88,"Tòa án nhân dân tỉnh Yên Bái",D01.140.01,"Tòa án nhân dân khu vực 1 - Lào Cai","Tỉnh Yên Bái"
D01.88.02,"Tòa án nhân dân thị xã Nghĩa Lộ, tỉnh Yên Bái",OLD,D01.88,"Tòa án nhân dân tỉnh Yên Bái",D01.140.05,"Tòa án nhân dân khu vực 5 - Lào Cai","Tỉnh Yên Bái"
D01.88.03,"Tòa án nhân dân huyện Lục Yên, tỉnh Yên Bái",OLD,D01.88,"Tòa án nhân dân tỉnh Yên Bái",D01.140.02,"Tòa án nhân dân khu vực 2 - Lào Cai","Tỉnh Yên Bái"
D01.88.04,"Tòa án nhân dân huyện Mù Cang Chải, tỉnh Yên Bái",OLD,D01.88,"Tòa án nhân dân tỉnh Yên Bái",D01.140.04,"Tòa án nhân dân khu vực 4 - Lào Cai","Tỉnh Yên Bái"
D01.88.05,"Tòa án nhân dân huyện Trạm Tấu, tỉnh Yên Bái",OLD,D01.88,"Tòa án nhân dân tỉnh Yên Bái",D01.140.05,"Tòa án nhân dân khu vực 5 - Lào Cai","Tỉnh Yên Bái"
D01.88.06,"Tòa án nhân dân huyện Trấn Yên, tỉnh Yên Bái",OLD,D01.88,"Tòa án nhân dân tỉnh Yên Bái",D01.140.03,"Tòa án nhân dân khu vực 3 - Lào Cai","Tỉnh Yên Bái"
D01.88.07,"Tòa án nhân dân huyện Văn Chấn, tỉnh Yên Bái",OLD,D01.88,"Tòa án nhân dân tỉnh Yên Bái",D01.140.04,"Tòa án nhân dân khu vực 4 - Lào Cai","Tỉnh Yên Bái"
D01.88.08,"Tòa án nhân dân huyện Văn Yên, tỉnh Yên Bái",OLD,D01.88,"Tòa án nhân dân tỉnh Yên Bái",D01.140.03,"Tòa án nhân dân khu vực 3 - Lào Cai","Tỉnh Yên Bái"
D01.88.09,"Tòa án nhân dân huyện Yên Bình, tỉnh Yên Bái",OLD,D01.88,"Tòa án nhân dân tỉnh Yên Bái",D01.140.02,"Tòa án nhân dân khu vực 2 - Lào Cai","Tỉnh Yên Bái"
D01,"Tòa án nhân dân tối cao",NEW,NULL,NULL,D01,"Tòa án nhân dân tối cao","Thành phố Hà Nội"
D01.100,"Tòa Phúc thẩm Tòa án nhân dân tối cao tại Hà Nội",NEW,D01,"Tòa án nhân dân tối cao",D01.100,"Tòa Phúc thẩm Tòa án nhân dân tối cao tại Hà Nội","Thành phố Hà Nội"
D01.101,"Tòa Phúc thẩm Tòa án nhân dân tối cao tại Đà Nẵng",NEW,D01,"Tòa án nhân dân tối cao",D01.101,"Tòa Phúc thẩm Tòa án nhân dân tối cao tại Đà Nẵng","Thành phố Đà Nẵng"
D01.102,"Tòa Phúc thẩm Tòa án nhân dân tối cao tại Thành phố Hồ Chí Minh",NEW,D01,"Tòa án nhân dân tối cao",D01.102,"Tòa Phúc thẩm Tòa án nhân dân tối cao tại Thành phố Hồ Chí Minh","Thành phố Hồ chí Minh"
D01.120,"Tòa án nhân dân tỉnh An Giang",NEW,NULL,NULL,D01.120,"Tòa án nhân dân tỉnh An Giang","Tỉnh An Giang"
D01.121,"Tòa án nhân dân tỉnh Bắc Ninh",NEW,NULL,NULL,D01.121,"Tòa án nhân dân tỉnh Bắc Ninh","Tỉnh Bắc Ninh"
D01.122,"Tòa án nhân dân tỉnh Cà Mau",NEW,NULL,NULL,D01.122,"Tòa án nhân dân tỉnh Cà Mau","Tỉnh Cà Mau"
D01.123,"Tòa án nhân dân tỉnh Cao Bằng",NEW,NULL,NULL,D01.123,"Tòa án nhân dân tỉnh Cao Bằng","Tỉnh Cao Bằng"
D01.124,"Tòa án nhân dân Thành phố Cần Thơ",NEW,NULL,NULL,D01.124,"Tòa án nhân dân Thành phố Cần Thơ","Thành phố Cần Thơ"
D01.125,"Tòa án nhân dân Thành phố Đà Nẵng",NEW,NULL,NULL,D01.125,"Tòa án nhân dân Thành phố Đà Nẵng","Thành phố Đà Nẵng"
D01.126,"Tòa án nhân dân tỉnh Đắk Lắk",NEW,NULL,NULL,D01.126,"Tòa án nhân dân tỉnh Đắk Lắk","Tỉnh Đắk Lắk"
D01.127,"Tòa án nhân dân tỉnh Điện Biên",NEW,NULL,NULL,D01.127,"Tòa án nhân dân tỉnh Điện Biên","Tỉnh Điện Biên"
D01.128,"Tòa án nhân dân tỉnh Đồng Nai",NEW,NULL,NULL,D01.128,"Tòa án nhân dân tỉnh Đồng Nai","Tỉnh Đồng Nai"
D01.129,"Tòa án nhân dân tỉnh Đồng Tháp",NEW,NULL,NULL,D01.129,"Tòa án nhân dân tỉnh Đồng Tháp","Tỉnh Đồng Tháp"
D01.130,"Tòa án nhân dân tỉnh Gia Lai",NEW,NULL,NULL,D01.130,"Tòa án nhân dân tỉnh Gia Lai","Tỉnh Gia Lai"
D01.131,"Tòa án nhân dân Thành phố Hà Nội",NEW,NULL,NULL,D01.131,"Tòa án nhân dân Thành phố Hà Nội","Thành phố Hà Nội"
D01.132,"Tòa án nhân dân tỉnh Hà Tĩnh",NEW,NULL,NULL,D01.132,"Tòa án nhân dân tỉnh Hà Tĩnh","Tỉnh Hà Tĩnh"
D01.133,"Tòa án nhân dân Thành phố Hải Phòng",NEW,NULL,NULL,D01.133,"Tòa án nhân dân Thành phố Hải Phòng","Thành phố Hải Phòng"
D01.134,"Tòa án nhân dân Thành phố Hồ Chí Minh",NEW,NULL,NULL,D01.134,"Tòa án nhân dân Thành phố Hồ Chí Minh","Thành phố Hồ Chí Minh"
D01.135,"Tòa án nhân dân Thành phố Huế",NEW,NULL,NULL,D01.135,"Tòa án nhân dân Thành phố Huế","Thành phố Huế"
D01.136,"Tòa án nhân dân tỉnh Hưng Yên",NEW,NULL,NULL,D01.136,"Tòa án nhân dân tỉnh Hưng Yên","Tỉnh Hưng Yên"
D01.137,"Tòa án nhân dân tỉnh Khánh Hòa",NEW,NULL,NULL,D01.137,"Tòa án nhân dân tỉnh Khánh Hòa","Tỉnh Khánh Hòa"
D01.138,"Tòa án nhân dân tỉnh Lai Châu",NEW,NULL,NULL,D01.138,"Tòa án nhân dân tỉnh Lai Châu","Tỉnh Lai Châu"
D01.139,"Tòa án nhân dân tỉnh Lạng Sơn",NEW,NULL,NULL,D01.139,"Tòa án nhân dân tỉnh Lạng Sơn","Tỉnh Lạng Sơn"
D01.140,"Tòa án nhân dân tỉnh Lào Cai",NEW,NULL,NULL,D01.140,"Tòa án nhân dân tỉnh Lào Cai","Tỉnh Lào Cai"
D01.141,"Tòa án nhân dân tỉnh Lâm Đồng",NEW,NULL,NULL,D01.141,"Tòa án nhân dân tỉnh Lâm Đồng","Tỉnh Lâm Đồng"
D01.142,"Tòa án nhân dân tỉnh Nghệ An",NEW,NULL,NULL,D01.142,"Tòa án nhân dân tỉnh Nghệ An","Tỉnh Nghệ An"
D01.143,"Tòa án nhân dân tỉnh Ninh Bình",NEW,NULL,NULL,D01.143,"Tòa án nhân dân tỉnh Ninh Bình","Tỉnh Ninh Bình"
D01.144,"Tòa án nhân dân tỉnh Phú Thọ",NEW,NULL,NULL,D01.144,"Tòa án nhân dân tỉnh Phú Thọ","Tỉnh Phú Thọ"
D01.145,"Tòa án nhân dân tỉnh Quảng Ngãi",NEW,NULL,NULL,D01.145,"Tòa án nhân dân tỉnh Quảng Ngãi","Tỉnh Quảng Ngãi"
D01.146,"Tòa án nhân dân tỉnh Quảng Ninh",NEW,NULL,NULL,D01.146,"Tòa án nhân dân tỉnh Quảng Ninh","Tỉnh Quảng Ninh"
D01.147,"Tòa án nhân dân tỉnh Quảng Trị",NEW,NULL,NULL,D01.147,"Tòa án nhân dân tỉnh Quảng Trị","Tỉnh Quảng Trị"
D01.148,"Tòa án nhân dân tỉnh Sơn La",NEW,NULL,NULL,D01.148,"Tòa án nhân dân tỉnh Sơn La","Tỉnh Sơn La"
D01.149,"Tòa án nhân dân tỉnh Tây Ninh",NEW,NULL,NULL,D01.149,"Tòa án nhân dân tỉnh Tây Ninh","Tỉnh Tây Ninh"
D01.150,"Tòa án nhân dân tỉnh Thái Nguyên",NEW,NULL,NULL,D01.150,"Tòa án nhân dân tỉnh Thái Nguyên","Tỉnh Thái Nguyên"
D01.151,"Tòa án nhân dân tỉnh Thanh Hóa",NEW,NULL,NULL,D01.151,"Tòa án nhân dân tỉnh Thanh Hóa","Tỉnh Thanh Hóa"
D01.152,"Tòa án nhân dân tỉnh Tuyên Quang",NEW,NULL,NULL,D01.152,"Tòa án nhân dân tỉnh Tuyên Quang","Tỉnh Tuyên Quang"
D01.153,"Tòa án nhân dân tỉnh Vĩnh Long",NEW,NULL,NULL,D01.153,"Tòa án nhân dân tỉnh Vĩnh Long","Tỉnh Vĩnh Long"
D01.120.01,"Tòa án nhân dân khu vực 1 - An Giang ",NEW,D01.120,"Tòa án nhân dân tỉnh An Giang",D01.120.01,"Tòa án nhân dân khu vực 1 - An Giang ","Tỉnh An Giang"
D01.120.02,"Tòa án nhân dân khu vực 2 - An Giang ",NEW,D01.120,"Tòa án nhân dân tỉnh An Giang",D01.120.02,"Tòa án nhân dân khu vực 2 - An Giang ","Tỉnh An Giang"
D01.120.03,"Tòa án nhân dân khu vực 3 - An Giang ",NEW,D01.120,"Tòa án nhân dân tỉnh An Giang",D01.120.03,"Tòa án nhân dân khu vực 3 - An Giang ","Tỉnh An Giang"
D01.120.04,"Tòa án nhân dân khu vực 4 - An Giang ",NEW,D01.120,"Tòa án nhân dân tỉnh An Giang",D01.120.04,"Tòa án nhân dân khu vực 4 - An Giang ","Tỉnh An Giang"
D01.120.05,"Tòa án nhân dân khu vực 5 - An Giang",NEW,D01.120,"Tòa án nhân dân tỉnh An Giang",D01.120.05,"Tòa án nhân dân khu vực 5 - An Giang","Tỉnh An Giang"
D01.120.06,"Tòa án nhân dân khu vực 6 - An Giang ",NEW,D01.120,"Tòa án nhân dân tỉnh An Giang",D01.120.06,"Tòa án nhân dân khu vực 6 - An Giang ","Tỉnh An Giang"
D01.120.07,"Tòa án nhân dân khu vực 7 - An Giang ",NEW,D01.120,"Tòa án nhân dân tỉnh An Giang",D01.120.07,"Tòa án nhân dân khu vực 7 - An Giang ","Tỉnh An Giang"
D01.120.08,"Tòa án nhân dân khu vực 8 - An Giang ",NEW,D01.120,"Tòa án nhân dân tỉnh An Giang",D01.120.08,"Tòa án nhân dân khu vực 8 - An Giang ","Tỉnh An Giang"
D01.120.09,"Tòa án nhân dân khu vực 9 - An Giang",NEW,D01.120,"Tòa án nhân dân tỉnh An Giang",D01.120.09,"Tòa án nhân dân khu vực 9 - An Giang","Tỉnh An Giang"
D01.120.10,"Tòa án nhân dân khu vực 10 - An Giang",NEW,D01.120,"Tòa án nhân dân tỉnh An Giang",D01.120.10,"Tòa án nhân dân khu vực 10 - An Giang","Tỉnh An Giang"
D01.120.11,"Tòa án nhân dân khu vực 11 - An Giang",NEW,D01.120,"Tòa án nhân dân tỉnh An Giang",D01.120.11,"Tòa án nhân dân khu vực 11 - An Giang","Tỉnh An Giang"
D01.120.12,"Tòa án nhân dân khu vực 12 - An Giang",NEW,D01.120,"Tòa án nhân dân tỉnh An Giang",D01.120.12,"Tòa án nhân dân khu vực 12 - An Giang","Tỉnh An Giang"
D01.120.13,"Tòa án nhân dân khu vực 13 - An Giang",NEW,D01.120,"Tòa án nhân dân tỉnh An Giang",D01.120.13,"Tòa án nhân dân khu vực 13 - An Giang","Tỉnh An Giang"
D01.120.14,"Tòa án nhân dân khu vực 14 - An Giang",NEW,D01.120,"Tòa án nhân dân tỉnh An Giang",D01.120.14,"Tòa án nhân dân khu vực 14 - An Giang","Tỉnh An Giang"
D01.120.15,"Tòa án nhân dân khu vực 15 - An Giang",NEW,D01.120,"Tòa án nhân dân tỉnh An Giang",D01.120.15,"Tòa án nhân dân khu vực 15 - An Giang","Tỉnh An Giang"
D01.121.01,"Tòa án nhân dân khu vực 1 - Bắc Ninh",NEW,D01.121,"Tòa án nhân dân tỉnh Bắc Ninh",D01.121.01,"Tòa án nhân dân khu vực 1 - Bắc Ninh","Tỉnh Bắc Ninh"
D01.121.02,"Tòa án nhân dân khu vực 2 - Bắc Ninh",NEW,D01.121,"Tòa án nhân dân tỉnh Bắc Ninh",D01.121.02,"Tòa án nhân dân khu vực 2 - Bắc Ninh","Tỉnh Bắc Ninh"
D01.121.03,"Tòa án nhân dân khu vực 3 - Bắc Ninh",NEW,D01.121,"Tòa án nhân dân tỉnh Bắc Ninh",D01.121.03,"Tòa án nhân dân khu vực 3 - Bắc Ninh","Tỉnh Bắc Ninh"
D01.121.04,"Tòa án nhân dân khu vực 4 - Bắc Ninh",NEW,D01.121,"Tòa án nhân dân tỉnh Bắc Ninh",D01.121.04,"Tòa án nhân dân khu vực 4 - Bắc Ninh","Tỉnh Bắc Ninh"
D01.121.05,"Tòa án nhân dân khu vực 5 - Bắc Ninh",NEW,D01.121,"Tòa án nhân dân tỉnh Bắc Ninh",D01.121.05,"Tòa án nhân dân khu vực 5 - Bắc Ninh","Tỉnh Bắc Ninh"
D01.121.06,"Tòa án nhân dân khu vực 6 - Bắc Ninh",NEW,D01.121,"Tòa án nhân dân tỉnh Bắc Ninh",D01.121.06,"Tòa án nhân dân khu vực 6 - Bắc Ninh","Tỉnh Bắc Ninh"
D01.121.07,"Tòa án nhân dân khu vực 7 - Bắc Ninh",NEW,D01.121,"Tòa án nhân dân tỉnh Bắc Ninh",D01.121.07,"Tòa án nhân dân khu vực 7 - Bắc Ninh","Tỉnh Bắc Ninh"
D01.121.08,"Tòa án nhân dân khu vực 8 - Bắc Ninh",NEW,D01.121,"Tòa án nhân dân tỉnh Bắc Ninh",D01.121.08,"Tòa án nhân dân khu vực 8 - Bắc Ninh","Tỉnh Bắc Ninh"
D01.121.09,"Tòa án nhân dân khu vực 9 - Bắc Ninh",NEW,D01.121,"Tòa án nhân dân tỉnh Bắc Ninh",D01.121.09,"Tòa án nhân dân khu vực 9 - Bắc Ninh","Tỉnh Bắc Ninh"
D01.122.01,"Tòa án nhân dân khu vực 1 - Cà Mau",NEW,D01.122,"Tòa án nhân dân tỉnh Cà Mau",D01.122.01,"Tòa án nhân dân khu vực 1 - Cà Mau","Tỉnh Cà Mau"
D01.122.02,"Tòa án nhân dân khu vực 2 - Cà Mau",NEW,D01.122,"Tòa án nhân dân tỉnh Cà Mau",D01.122.02,"Tòa án nhân dân khu vực 2 - Cà Mau","Tỉnh Cà Mau"
D01.122.03,"Tòa án nhân dân khu vực 3 - Cà Mau",NEW,D01.122,"Tòa án nhân dân tỉnh Cà Mau",D01.122.03,"Tòa án nhân dân khu vực 3 - Cà Mau","Tỉnh Cà Mau"
D01.122.04,"Tòa án nhân dân khu vực 4 - Cà Mau",NEW,D01.122,"Tòa án nhân dân tỉnh Cà Mau",D01.122.04,"Tòa án nhân dân khu vực 4 - Cà Mau","Tỉnh Cà Mau"
D01.122.05,"Tòa án nhân dân khu vực 5 - Cà Mau",NEW,D01.122,"Tòa án nhân dân tỉnh Cà Mau",D01.122.05,"Tòa án nhân dân khu vực 5 - Cà Mau","Tỉnh Cà Mau"
D01.122.06,"Tòa án nhân dân khu vực 6 - Cà Mau",NEW,D01.122,"Tòa án nhân dân tỉnh Cà Mau",D01.122.06,"Tòa án nhân dân khu vực 6 - Cà Mau","Tỉnh Cà Mau"
D01.122.07,"Tòa án nhân dân khu vực 7 - Cà Mau",NEW,D01.122,"Tòa án nhân dân tỉnh Cà Mau",D01.122.07,"Tòa án nhân dân khu vực 7 - Cà Mau","Tỉnh Cà Mau"
D01.122.08,"Tòa án nhân dân khu vực 8 - Cà Mau",NEW,D01.122,"Tòa án nhân dân tỉnh Cà Mau",D01.122.08,"Tòa án nhân dân khu vực 8 - Cà Mau","Tỉnh Cà Mau"
D01.122.09,"Tòa án nhân dân khu vực 9 - Cà Mau",NEW,D01.122,"Tòa án nhân dân tỉnh Cà Mau",D01.122.09,"Tòa án nhân dân khu vực 9 - Cà Mau","Tỉnh Cà Mau"
D01.123.01,"Tòa án nhân dân khu vực 1 - Cao Bằng",NEW,D01.123,"Tòa án nhân dân tỉnh Cao Bằng",D01.123.01,"Tòa án nhân dân khu vực 1 - Cao Bằng","Tỉnh Cao Bằng"
D01.123.02,"Tòa án nhân dân khu vực 2 - Cao Bằng",NEW,D01.123,"Tòa án nhân dân tỉnh Cao Bằng",D01.123.02,"Tòa án nhân dân khu vực 2 - Cao Bằng","Tỉnh Cao Bằng"
D01.123.03,"Tòa án nhân dân khu vực 3 - Cao Bằng",NEW,D01.123,"Tòa án nhân dân tỉnh Cao Bằng",D01.123.03,"Tòa án nhân dân khu vực 3 - Cao Bằng","Tỉnh Cao Bằng"
D01.123.04,"Tòa án nhân dân khu vực 4 - Cao Bằng",NEW,D01.123,"Tòa án nhân dân tỉnh Cao Bằng",D01.123.04,"Tòa án nhân dân khu vực 4 - Cao Bằng","Tỉnh Cao Bằng"
D01.123.05,"Tòa án nhân dân khu vực 5 - Cao Bằng",NEW,D01.123,"Tòa án nhân dân tỉnh Cao Bằng",D01.123.05,"Tòa án nhân dân khu vực 5 - Cao Bằng","Tỉnh Cao Bằng"
D01.124.01,"Tòa án nhân dân khu vực 1 - Cần Thơ",NEW,D01.124,"Tòa án nhân dân Thành phố Cần Thơ",D01.124.01,"Tòa án nhân dân khu vực 1 - Cần Thơ","Thành phố Cần Thơ"
D01.124.02,"Tòa án nhân dân khu vực 2 - Cần Thơ",NEW,D01.124,"Tòa án nhân dân Thành phố Cần Thơ",D01.124.02,"Tòa án nhân dân khu vực 2 - Cần Thơ","Thành phố Cần Thơ"
D01.124.03,"Tòa án nhân dân khu vực 3 - Cần Thơ",NEW,D01.124,"Tòa án nhân dân Thành phố Cần Thơ",D01.124.03,"Tòa án nhân dân khu vực 3 - Cần Thơ","Thành phố Cần Thơ"
D01.124.04,"Tòa án nhân dân khu vực 4 - Cần Thơ",NEW,D01.124,"Tòa án nhân dân Thành phố Cần Thơ",D01.124.04,"Tòa án nhân dân khu vực 4 - Cần Thơ","Thành phố Cần Thơ"
D01.124.05,"Tòa án nhân dân khu vực 5 - Cần Thơ",NEW,D01.124,"Tòa án nhân dân Thành phố Cần Thơ",D01.124.05,"Tòa án nhân dân khu vực 5 - Cần Thơ","Thành phố Cần Thơ"
D01.124.06,"Tòa án nhân dân khu vực 6 - Cần Thơ",NEW,D01.124,"Tòa án nhân dân Thành phố Cần Thơ",D01.124.06,"Tòa án nhân dân khu vực 6 - Cần Thơ","Thành phố Cần Thơ"
D01.124.07,"Tòa án nhân dân khu vực 7 - Cần Thơ",NEW,D01.124,"Tòa án nhân dân Thành phố Cần Thơ",D01.124.07,"Tòa án nhân dân khu vực 7 - Cần Thơ","Thành phố Cần Thơ"
D01.124.08,"Tòa án nhân dân khu vực 8 - Cần Thơ",NEW,D01.124,"Tòa án nhân dân Thành phố Cần Thơ",D01.124.08,"Tòa án nhân dân khu vực 8 - Cần Thơ","Thành phố Cần Thơ"
D01.124.09,"Tòa án nhân dân khu vực 9 - Cần Thơ",NEW,D01.124,"Tòa án nhân dân Thành phố Cần Thơ",D01.124.09,"Tòa án nhân dân khu vực 9 - Cần Thơ","Thành phố Cần Thơ"
D01.124.10,"Tòa án nhân dân khu vực 10 - Cần Thơ",NEW,D01.124,"Tòa án nhân dân Thành phố Cần Thơ",D01.124.10,"Tòa án nhân dân khu vực 10 - Cần Thơ","Thành phố Cần Thơ"
D01.124.11,"Tòa án nhân dân khu vực 11 - Cần Thơ",NEW,D01.124,"Tòa án nhân dân Thành phố Cần Thơ",D01.124.11,"Tòa án nhân dân khu vực 11 - Cần Thơ","Thành phố Cần Thơ"
D01.124.12,"Tòa án nhân dân khu vực 12 - Cần Thơ",NEW,D01.124,"Tòa án nhân dân Thành phố Cần Thơ",D01.124.12,"Tòa án nhân dân khu vực 12 - Cần Thơ","Thành phố Cần Thơ"
D01.124.13,"Tòa án nhân dân khu vực 13 - Cần Thơ",NEW,D01.124,"Tòa án nhân dân Thành phố Cần Thơ",D01.124.13,"Tòa án nhân dân khu vực 13 - Cần Thơ","Thành phố Cần Thơ"
D01.124.14,"Tòa án nhân dân khu vực 14 - Cần Thơ",NEW,D01.124,"Tòa án nhân dân Thành phố Cần Thơ",D01.124.14,"Tòa án nhân dân khu vực 14 - Cần Thơ","Thành phố Cần Thơ"
D01.125.01,"Tòa án nhân dân khu vực 1 - Đà Nẵng ",NEW,D01.125,"Tòa án nhân dân Thành phố Đà Nẵng",D01.125.01,"Tòa án nhân dân khu vực 1 - Đà Nẵng ","Thành phố Đà Nẵng"
D01.125.02,"Tòa án nhân dân khu vực 2 - Đà Nẵng",NEW,D01.125,"Tòa án nhân dân Thành phố Đà Nẵng",D01.125.02,"Tòa án nhân dân khu vực 2 - Đà Nẵng","Thành phố Đà Nẵng"
D01.125.03,"Tòa án nhân dân khu vực 3 - Đà Nẵng",NEW,D01.125,"Tòa án nhân dân Thành phố Đà Nẵng",D01.125.03,"Tòa án nhân dân khu vực 3 - Đà Nẵng","Thành phố Đà Nẵng"
D01.125.04,"Tòa án nhân dân khu vực 4 - Đà Nẵng",NEW,D01.125,"Tòa án nhân dân Thành phố Đà Nẵng",D01.125.04,"Tòa án nhân dân khu vực 4 - Đà Nẵng","Thành phố Đà Nẵng"
D01.125.05,"Tòa án nhân dân khu vực 5 - Đà Nẵng",NEW,D01.125,"Tòa án nhân dân Thành phố Đà Nẵng",D01.125.05,"Tòa án nhân dân khu vực 5 - Đà Nẵng","Thành phố Đà Nẵng"
D01.125.06,"Tòa án nhân dân khu vực 6 - Đà Nẵng",NEW,D01.125,"Tòa án nhân dân Thành phố Đà Nẵng",D01.125.06,"Tòa án nhân dân khu vực 6 - Đà Nẵng","Thành phố Đà Nẵng"
D01.125.07,"Tòa án nhân dân khu vực 7 - Đà Nẵng",NEW,D01.125,"Tòa án nhân dân Thành phố Đà Nẵng",D01.125.07,"Tòa án nhân dân khu vực 7 - Đà Nẵng","Thành phố Đà Nẵng"
D01.125.08,"Tòa án nhân dân khu vực 8 - Đà Nẵng",NEW,D01.125,"Tòa án nhân dân Thành phố Đà Nẵng",D01.125.08,"Tòa án nhân dân khu vực 8 - Đà Nẵng","Thành phố Đà Nẵng"
D01.125.09,"Tòa án nhân dân khu vực 9 - Đà Nẵng",NEW,D01.125,"Tòa án nhân dân Thành phố Đà Nẵng",D01.125.09,"Tòa án nhân dân khu vực 9 - Đà Nẵng","Thành phố Đà Nẵng"
D01.125.10,"Tòa án nhân dân khu vực 10 - Đà Nẵng",NEW,D01.125,"Tòa án nhân dân Thành phố Đà Nẵng",D01.125.10,"Tòa án nhân dân khu vực 10 - Đà Nẵng","Thành phố Đà Nẵng"
D01.125.11,"Tòa án nhân dân khu vực 11 - Đà Nẵng",NEW,D01.125,"Tòa án nhân dân Thành phố Đà Nẵng",D01.125.11,"Tòa án nhân dân khu vực 11 - Đà Nẵng","Thành phố Đà Nẵng"
D01.125.12,"Tòa án nhân dân khu vực 12 - Đà Nẵng",NEW,D01.125,"Tòa án nhân dân Thành phố Đà Nẵng",D01.125.12,"Tòa án nhân dân khu vực 12 - Đà Nẵng","Thành phố Đà Nẵng"
D01.126.01,"Tòa án nhân dân khu vực 1 - Đắk Lắk",NEW,D01.126,"Tòa án nhân dân tỉnh Đắk Lắk",D01.126.01,"Tòa án nhân dân khu vực 1 - Đắk Lắk","Tỉnh Đắk Lắk"
D01.126.02,"Tòa án nhân dân khu vực 2 - Đắk Lắk",NEW,D01.126,"Tòa án nhân dân tỉnh Đắk Lắk",D01.126.02,"Tòa án nhân dân khu vực 2 - Đắk Lắk","Tỉnh Đắk Lắk"
D01.126.03,"Tòa án nhân dân khu vực 3 - Đắk Lắk",NEW,D01.126,"Tòa án nhân dân tỉnh Đắk Lắk",D01.126.03,"Tòa án nhân dân khu vực 3 - Đắk Lắk","Tỉnh Đắk Lắk"
D01.126.04,"Tòa án nhân dân khu vực 4 - Đắk Lắk",NEW,D01.126,"Tòa án nhân dân tỉnh Đắk Lắk",D01.126.04,"Tòa án nhân dân khu vực 4 - Đắk Lắk","Tỉnh Đắk Lắk"
D01.126.05,"Tòa án nhân dân khu vực 5 - Đắk Lắk ",NEW,D01.126,"Tòa án nhân dân tỉnh Đắk Lắk",D01.126.05,"Tòa án nhân dân khu vực 5 - Đắk Lắk ","Tỉnh Đắk Lắk"
D01.126.06,"Tòa án nhân dân khu vực 6 - Đắk Lắk",NEW,D01.126,"Tòa án nhân dân tỉnh Đắk Lắk",D01.126.06,"Tòa án nhân dân khu vực 6 - Đắk Lắk","Tỉnh Đắk Lắk"
D01.126.07,"Tòa án nhân dân khu vực 7 - Đắk Lắk",NEW,D01.126,"Tòa án nhân dân tỉnh Đắk Lắk",D01.126.07,"Tòa án nhân dân khu vực 7 - Đắk Lắk","Tỉnh Đắk Lắk"
D01.126.08,"Tòa án nhân dân khu vực 8 - Đắk Lắk",NEW,D01.126,"Tòa án nhân dân tỉnh Đắk Lắk",D01.126.08,"Tòa án nhân dân khu vực 8 - Đắk Lắk","Tỉnh Đắk Lắk"
D01.126.09,"Tòa án nhân dân khu vực 9 - Đắk Lắk",NEW,D01.126,"Tòa án nhân dân tỉnh Đắk Lắk",D01.126.09,"Tòa án nhân dân khu vực 9 - Đắk Lắk","Tỉnh Đắk Lắk"
D01.126.10,"Tòa án nhân dân khu vực 10 - Đắk Lắk",NEW,D01.126,"Tòa án nhân dân tỉnh Đắk Lắk",D01.126.10,"Tòa án nhân dân khu vực 10 - Đắk Lắk","Tỉnh Đắk Lắk"
D01.126.11,"Tòa án nhân dân khu vực 11 - Đắk Lắk",NEW,D01.126,"Tòa án nhân dân tỉnh Đắk Lắk",D01.126.11,"Tòa án nhân dân khu vực 11 - Đắk Lắk","Tỉnh Đắk Lắk"
D01.126.12,"Tòa án nhân dân khu vực 12 - Đắk Lắk",NEW,D01.126,"Tòa án nhân dân tỉnh Đắk Lắk",D01.126.12,"Tòa án nhân dân khu vực 12 - Đắk Lắk","Tỉnh Đắk Lắk"
D01.126.13,"Tòa án nhân dân khu vực 13 - Đắk Lắk",NEW,D01.126,"Tòa án nhân dân tỉnh Đắk Lắk",D01.126.13,"Tòa án nhân dân khu vực 13 - Đắk Lắk","Tỉnh Đắk Lắk"
D01.126.14,"Tòa án nhân dân khu vực 14 - Đắk Lắk",NEW,D01.126,"Tòa án nhân dân tỉnh Đắk Lắk",D01.126.14,"Tòa án nhân dân khu vực 14 - Đắk Lắk","Tỉnh Đắk Lắk"
D01.126.15,"Tòa án nhân dân khu vực 15 - Đắk Lắk",NEW,D01.126,"Tòa án nhân dân tỉnh Đắk Lắk",D01.126.15,"Tòa án nhân dân khu vực 15 - Đắk Lắk","Tỉnh Đắk Lắk"
D01.127.01,"Tòa án nhân dân khu vực 1 - Điện Biên",NEW,D01.127,"Tòa án nhân dân tỉnh Điện Biên",D01.127.01,"Tòa án nhân dân khu vực 1 - Điện Biên","Tỉnh Điện Biên"
D01.127.02,"Tòa án nhân dân khu vực 2 - Điện Biên",NEW,D01.127,"Tòa án nhân dân tỉnh Điện Biên",D01.127.02,"Tòa án nhân dân khu vực 2 - Điện Biên","Tỉnh Điện Biên"
D01.127.03,"Tòa án nhân dân khu vực 3 - Điện Biên",NEW,D01.127,"Tòa án nhân dân tỉnh Điện Biên",D01.127.03,"Tòa án nhân dân khu vực 3 - Điện Biên","Tỉnh Điện Biên"
D01.127.04,"Tòa án nhân dân khu vực 4 - Điện Biên",NEW,D01.127,"Tòa án nhân dân tỉnh Điện Biên",D01.127.04,"Tòa án nhân dân khu vực 4 - Điện Biên","Tỉnh Điện Biên"
D01.127.05,"Tòa án nhân dân khu vực 5 - Điện Biên",NEW,D01.127,"Tòa án nhân dân tỉnh Điện Biên",D01.127.05,"Tòa án nhân dân khu vực 5 - Điện Biên","Tỉnh Điện Biên"
D01.128.01,"Tòa án nhân dân khu vực 1 - Đồng Nai",NEW,D01.128,"Tòa án nhân dân tỉnh Đồng Nai",D01.128.01,"Tòa án nhân dân khu vực 1 - Đồng Nai","Tỉnh Đồng Nai"
D01.128.02,"Tòa án nhân dân khu vực 2 - Đồng Nai",NEW,D01.128,"Tòa án nhân dân tỉnh Đồng Nai",D01.128.02,"Tòa án nhân dân khu vực 2 - Đồng Nai","Tỉnh Đồng Nai"
D01.128.03,"Tòa án nhân dân khu vực 3 - Đồng Nai",NEW,D01.128,"Tòa án nhân dân tỉnh Đồng Nai",D01.128.03,"Tòa án nhân dân khu vực 3 - Đồng Nai","Tỉnh Đồng Nai"
D01.128.04,"Tòa án nhân dân khu vực 4 - Đồng Nai",NEW,D01.128,"Tòa án nhân dân tỉnh Đồng Nai",D01.128.04,"Tòa án nhân dân khu vực 4 - Đồng Nai","Tỉnh Đồng Nai"
D01.128.05,"Tòa án nhân dân khu vực 5 - Đồng Nai",NEW,D01.128,"Tòa án nhân dân tỉnh Đồng Nai",D01.128.05,"Tòa án nhân dân khu vực 5 - Đồng Nai","Tỉnh Đồng Nai"
D01.128.06,"Tòa án nhân dân khu vực 6 - Đồng Nai",NEW,D01.128,"Tòa án nhân dân tỉnh Đồng Nai",D01.128.06,"Tòa án nhân dân khu vực 6 - Đồng Nai","Tỉnh Đồng Nai"
D01.128.07,"Tòa án nhân dân khu vực 7 - Đồng Nai",NEW,D01.128,"Tòa án nhân dân tỉnh Đồng Nai",D01.128.07,"Tòa án nhân dân khu vực 7 - Đồng Nai","Tỉnh Đồng Nai"
D01.128.08,"Tòa án nhân dân khu vực 8 - Đồng Nai",NEW,D01.128,"Tòa án nhân dân tỉnh Đồng Nai",D01.128.08,"Tòa án nhân dân khu vực 8 - Đồng Nai","Tỉnh Đồng Nai"
D01.128.09,"Tòa án nhân dân khu vực 9 - Đồng Nai",NEW,D01.128,"Tòa án nhân dân tỉnh Đồng Nai",D01.128.09,"Tòa án nhân dân khu vực 9 - Đồng Nai","Tỉnh Đồng Nai"
D01.128.10,"Tòa án nhân dân khu vực 10 - Đồng Nai",NEW,D01.128,"Tòa án nhân dân tỉnh Đồng Nai",D01.128.10,"Tòa án nhân dân khu vực 10 - Đồng Nai","Tỉnh Đồng Nai"
D01.128.11,"Tòa án nhân dân khu vực 11 - Đồng Nai",NEW,D01.128,"Tòa án nhân dân tỉnh Đồng Nai",D01.128.11,"Tòa án nhân dân khu vực 11 - Đồng Nai","Tỉnh Đồng Nai"
D01.128.12,"Tòa án nhân dân khu vực 12 - Đồng Nai",NEW,D01.128,"Tòa án nhân dân tỉnh Đồng Nai",D01.128.12,"Tòa án nhân dân khu vực 12 - Đồng Nai","Tỉnh Đồng Nai"
D01.128.13,"Tòa án nhân dân khu vực 13 - Đồng Nai",NEW,D01.128,"Tòa án nhân dân tỉnh Đồng Nai",D01.128.13,"Tòa án nhân dân khu vực 13 - Đồng Nai","Tỉnh Đồng Nai"
D01.128.14,"Tòa án nhân dân khu vực 14 - Đồng Nai",NEW,D01.128,"Tòa án nhân dân tỉnh Đồng Nai",D01.128.14,"Tòa án nhân dân khu vực 14 - Đồng Nai","Tỉnh Đồng Nai"
D01.129.01,"Tòa án nhân dân khu vực 1 - Đồng Tháp",NEW,D01.129,"Tòa án nhân dân tỉnh Đồng Tháp",D01.129.01,"Tòa án nhân dân khu vực 1 - Đồng Tháp","Tỉnh Đồng Tháp"
D01.129.02,"Tòa án nhân dân khu vực 2 - Đồng Tháp",NEW,D01.129,"Tòa án nhân dân tỉnh Đồng Tháp",D01.129.02,"Tòa án nhân dân khu vực 2 - Đồng Tháp","Tỉnh Đồng Tháp"
D01.129.03,"Tòa án nhân dân khu vực 3 - Đồng Tháp",NEW,D01.129,"Tòa án nhân dân tỉnh Đồng Tháp",D01.129.03,"Tòa án nhân dân khu vực 3 - Đồng Tháp","Tỉnh Đồng Tháp"
D01.129.04,"Tòa án nhân dân khu vực 4 - Đồng Tháp",NEW,D01.129,"Tòa án nhân dân tỉnh Đồng Tháp",D01.129.04,"Tòa án nhân dân khu vực 4 - Đồng Tháp","Tỉnh Đồng Tháp"
D01.129.05,"Tòa án nhân dân khu vực 5 - Đồng Tháp",NEW,D01.129,"Tòa án nhân dân tỉnh Đồng Tháp",D01.129.05,"Tòa án nhân dân khu vực 5 - Đồng Tháp","Tỉnh Đồng Tháp"
D01.129.06,"Tòa án nhân dân khu vực 6 - Đồng Tháp",NEW,D01.129,"Tòa án nhân dân tỉnh Đồng Tháp",D01.129.06,"Tòa án nhân dân khu vực 6 - Đồng Tháp","Tỉnh Đồng Tháp"
D01.129.07,"Tòa án nhân dân khu vực 7 - Đồng Tháp",NEW,D01.129,"Tòa án nhân dân tỉnh Đồng Tháp",D01.129.07,"Tòa án nhân dân khu vực 7 - Đồng Tháp","Tỉnh Đồng Tháp"
D01.129.08,"Tòa án nhân dân khu vực 8 - Đồng Tháp",NEW,D01.129,"Tòa án nhân dân tỉnh Đồng Tháp",D01.129.08,"Tòa án nhân dân khu vực 8 - Đồng Tháp","Tỉnh Đồng Tháp"
D01.129.09,"Tòa án nhân dân khu vực 9 - Đồng Tháp",NEW,D01.129,"Tòa án nhân dân tỉnh Đồng Tháp",D01.129.09,"Tòa án nhân dân khu vực 9 - Đồng Tháp","Tỉnh Đồng Tháp"
D01.129.10,"Tòa án nhân dân khu vực 10 - Đồng Tháp",NEW,D01.129,"Tòa án nhân dân tỉnh Đồng Tháp",D01.129.10,"Tòa án nhân dân khu vực 10 - Đồng Tháp","Tỉnh Đồng Tháp"
D01.129.11,"Tòa án nhân dân khu vực 11 - Đồng Tháp",NEW,D01.129,"Tòa án nhân dân tỉnh Đồng Tháp",D01.129.11,"Tòa án nhân dân khu vực 11 - Đồng Tháp","Tỉnh Đồng Tháp"
D01.129.12,"Tòa án nhân dân khu vực 12 - Đồng Tháp",NEW,D01.129,"Tòa án nhân dân tỉnh Đồng Tháp",D01.129.12,"Tòa án nhân dân khu vực 12 - Đồng Tháp","Tỉnh Đồng Tháp"
D01.130.01,"Tòa án nhân dân khu vực 1 - Gia Lai",NEW,D01.130,"Tòa án nhân dân tỉnh Gia Lai",D01.130.01,"Tòa án nhân dân khu vực 1 - Gia Lai","Tỉnh Gia Lai"
D01.130.02,"Tòa án nhân dân khu vực 2 - Gia Lai",NEW,D01.130,"Tòa án nhân dân tỉnh Gia Lai",D01.130.02,"Tòa án nhân dân khu vực 2 - Gia Lai","Tỉnh Gia Lai"
D01.130.03,"Tòa án nhân dân khu vực 3 - Gia Lai",NEW,D01.130,"Tòa án nhân dân tỉnh Gia Lai",D01.130.03,"Tòa án nhân dân khu vực 3 - Gia Lai","Tỉnh Gia Lai"
D01.130.04,"Tòa án nhân dân khu vực 4 - Gia Lai",NEW,D01.130,"Tòa án nhân dân tỉnh Gia Lai",D01.130.04,"Tòa án nhân dân khu vực 4 - Gia Lai","Tỉnh Gia Lai"
D01.130.05,"Tòa án nhân dân khu vực 5 - Gia Lai",NEW,D01.130,"Tòa án nhân dân tỉnh Gia Lai",D01.130.05,"Tòa án nhân dân khu vực 5 - Gia Lai","Tỉnh Gia Lai"
D01.130.06,"Tòa án nhân dân khu vực 6 - Gia Lai",NEW,D01.130,"Tòa án nhân dân tỉnh Gia Lai",D01.130.06,"Tòa án nhân dân khu vực 6 - Gia Lai","Tỉnh Gia Lai"
D01.130.07,"Tòa án nhân dân khu vực 7 - Gia Lai",NEW,D01.130,"Tòa án nhân dân tỉnh Gia Lai",D01.130.07,"Tòa án nhân dân khu vực 7 - Gia Lai","Tỉnh Gia Lai"
D01.130.08,"Tòa án nhân dân khu vực 8 - Gia Lai",NEW,D01.130,"Tòa án nhân dân tỉnh Gia Lai",D01.130.08,"Tòa án nhân dân khu vực 8 - Gia Lai","Tỉnh Gia Lai"
D01.130.09,"Tòa án nhân dân khu vực 9 - Gia Lai",NEW,D01.130,"Tòa án nhân dân tỉnh Gia Lai",D01.130.09,"Tòa án nhân dân khu vực 9 - Gia Lai","Tỉnh Gia Lai"
D01.130.10,"Tòa án nhân dân khu vực 10 - Gia Lai",NEW,D01.130,"Tòa án nhân dân tỉnh Gia Lai",D01.130.10,"Tòa án nhân dân khu vực 10 - Gia Lai","Tỉnh Gia Lai"
D01.130.11,"Tòa án nhân dân khu vực 11 - Gia Lai",NEW,D01.130,"Tòa án nhân dân tỉnh Gia Lai",D01.130.11,"Tòa án nhân dân khu vực 11 - Gia Lai","Tỉnh Gia Lai"
D01.130.12,"Tòa án nhân dân khu vực 12 - Gia Lai",NEW,D01.130,"Tòa án nhân dân tỉnh Gia Lai",D01.130.12,"Tòa án nhân dân khu vực 12 - Gia Lai","Tỉnh Gia Lai"
D01.130.13,"Tòa án nhân dân khu vực 13 - Gia Lai",NEW,D01.130,"Tòa án nhân dân tỉnh Gia Lai",D01.130.13,"Tòa án nhân dân khu vực 13 - Gia Lai","Tỉnh Gia Lai"
D01.130.14,"Tòa án nhân dân khu vực 14 - Gia Lai",NEW,D01.130,"Tòa án nhân dân tỉnh Gia Lai",D01.130.14,"Tòa án nhân dân khu vực 14 - Gia Lai","Tỉnh Gia Lai"
D01.131.01,"Tòa án nhân dân khu vực 1 - Hà Nội",NEW,D01.131,"Tòa án nhân dân Thành phố Hà Nội",D01.131.01,"Tòa án nhân dân khu vực 1 - Hà Nội","Thành phố Hà Nội"
D01.131.02,"Tòa án nhân dân khu vực 2 - Hà Nội",NEW,D01.131,"Tòa án nhân dân Thành phố Hà Nội",D01.131.02,"Tòa án nhân dân khu vực 2 - Hà Nội","Thành phố Hà Nội"
D01.131.03,"Tòa án nhân dân khu vực 3 - Hà Nội",NEW,D01.131,"Tòa án nhân dân Thành phố Hà Nội",D01.131.03,"Tòa án nhân dân khu vực 3 - Hà Nội","Thành phố Hà Nội"
D01.131.04,"Tòa án nhân dân khu vực 4 - Hà Nội",NEW,D01.131,"Tòa án nhân dân Thành phố Hà Nội",D01.131.04,"Tòa án nhân dân khu vực 4 - Hà Nội","Thành phố Hà Nội"
D01.131.05,"Tòa án nhân dân khu vực 5 - Hà Nội",NEW,D01.131,"Tòa án nhân dân Thành phố Hà Nội",D01.131.05,"Tòa án nhân dân khu vực 5 - Hà Nội","Thành phố Hà Nội"
D01.131.06,"Tòa án nhân dân khu vực 6 - Hà Nội",NEW,D01.131,"Tòa án nhân dân Thành phố Hà Nội",D01.131.06,"Tòa án nhân dân khu vực 6 - Hà Nội","Thành phố Hà Nội"
D01.131.07,"Tòa án nhân dân khu vực 7 - Hà Nội",NEW,D01.131,"Tòa án nhân dân Thành phố Hà Nội",D01.131.07,"Tòa án nhân dân khu vực 7 - Hà Nội","Thành phố Hà Nội"
D01.131.08,"Tòa án nhân dân khu vực 8 - Hà Nội",NEW,D01.131,"Tòa án nhân dân Thành phố Hà Nội",D01.131.08,"Tòa án nhân dân khu vực 8 - Hà Nội","Thành phố Hà Nội"
D01.131.09,"Tòa án nhân dân khu vực 9 - Hà Nội",NEW,D01.131,"Tòa án nhân dân Thành phố Hà Nội",D01.131.09,"Tòa án nhân dân khu vực 9 - Hà Nội","Thành phố Hà Nội"
D01.131.10,"Tòa án nhân dân khu vực 10 - Hà Nội",NEW,D01.131,"Tòa án nhân dân Thành phố Hà Nội",D01.131.10,"Tòa án nhân dân khu vực 10 - Hà Nội","Thành phố Hà Nội"
D01.131.11,"Tòa án nhân dân khu vực 11 - Hà Nội",NEW,D01.131,"Tòa án nhân dân Thành phố Hà Nội",D01.131.11,"Tòa án nhân dân khu vực 11 - Hà Nội","Thành phố Hà Nội"
D01.131.12,"Tòa án nhân dân khu vực 12 - Hà Nội",NEW,D01.131,"Tòa án nhân dân Thành phố Hà Nội",D01.131.12,"Tòa án nhân dân khu vực 12 - Hà Nội","Thành phố Hà Nội"
D01.132.01,"Tòa án nhân dân khu vực 1 - Hà Tĩnh",NEW,D01.132,"Tòa án nhân dân tỉnh Hà Tĩnh",D01.132.01,"Tòa án nhân dân khu vực 1 - Hà Tĩnh","Tỉnh Hà Tĩnh"
D01.132.02,"Tòa án nhân dân khu vực 2 - Hà Tĩnh",NEW,D01.132,"Tòa án nhân dân tỉnh Hà Tĩnh",D01.132.02,"Tòa án nhân dân khu vực 2 - Hà Tĩnh","Tỉnh Hà Tĩnh"
D01.132.03,"Tòa án nhân dân khu vực 3 - Hà Tĩnh",NEW,D01.132,"Tòa án nhân dân tỉnh Hà Tĩnh",D01.132.03,"Tòa án nhân dân khu vực 3 - Hà Tĩnh","Tỉnh Hà Tĩnh"
D01.132.04,"Tòa án nhân dân khu vực 4 - Hà Tĩnh",NEW,D01.132,"Tòa án nhân dân tỉnh Hà Tĩnh",D01.132.04,"Tòa án nhân dân khu vực 4 - Hà Tĩnh","Tỉnh Hà Tĩnh"
D01.132.05,"Tòa án nhân dân khu vực 5 - Hà Tĩnh",NEW,D01.132,"Tòa án nhân dân tỉnh Hà Tĩnh",D01.132.05,"Tòa án nhân dân khu vực 5 - Hà Tĩnh","Tỉnh Hà Tĩnh"
D01.133.01,"Tòa án nhân dân khu vực 1 - Hải Phòng",NEW,D01.133,"Tòa án nhân dân Thành phố Hải Phòng",D01.133.01,"Tòa án nhân dân khu vực 1 - Hải Phòng","Thành phố Hải Phòng"
D01.133.02,"Tòa án nhân dân khu vực 2 - Hải Phòng",NEW,D01.133,"Tòa án nhân dân Thành phố Hải Phòng",D01.133.02,"Tòa án nhân dân khu vực 2 - Hải Phòng","Thành phố Hải Phòng"
D01.133.03,"Tòa án nhân dân khu vực 3 - Hải Phòng",NEW,D01.133,"Tòa án nhân dân Thành phố Hải Phòng",D01.133.03,"Tòa án nhân dân khu vực 3 - Hải Phòng","Thành phố Hải Phòng"
D01.133.04,"Tòa án nhân dân khu vực 4 - Hải Phòng",NEW,D01.133,"Tòa án nhân dân Thành phố Hải Phòng",D01.133.04,"Tòa án nhân dân khu vực 4 - Hải Phòng","Thành phố Hải Phòng"
D01.133.05,"Tòa án nhân dân khu vực 5 - Hải Phòng",NEW,D01.133,"Tòa án nhân dân Thành phố Hải Phòng",D01.133.05,"Tòa án nhân dân khu vực 5 - Hải Phòng","Thành phố Hải Phòng"
D01.133.06,"Tòa án nhân dân khu vực 6 - Hải Phòng",NEW,D01.133,"Tòa án nhân dân Thành phố Hải Phòng",D01.133.06,"Tòa án nhân dân khu vực 6 - Hải Phòng","Thành phố Hải Phòng"
D01.133.07,"Tòa án nhân dân khu vực 7 - Hải Phòng",NEW,D01.133,"Tòa án nhân dân Thành phố Hải Phòng",D01.133.07,"Tòa án nhân dân khu vực 7 - Hải Phòng","Thành phố Hải Phòng"
D01.133.08,"Tòa án nhân dân khu vực 8 - Hải Phòng",NEW,D01.133,"Tòa án nhân dân Thành phố Hải Phòng",D01.133.08,"Tòa án nhân dân khu vực 8 - Hải Phòng","Thành phố Hải Phòng"
D01.133.09,"Tòa án nhân dân khu vực 9 - Hải Phòng",NEW,D01.133,"Tòa án nhân dân Thành phố Hải Phòng",D01.133.09,"Tòa án nhân dân khu vực 9 - Hải Phòng","Thành phố Hải Phòng"
D01.133.10,"Tòa án nhân dân khu vực 10 - Hải Phòng",NEW,D01.133,"Tòa án nhân dân Thành phố Hải Phòng",D01.133.10,"Tòa án nhân dân khu vực 10 - Hải Phòng","Thành phố Hải Phòng"
D01.133.11,"Tòa án nhân dân khu vực 11 - Hải Phòng",NEW,D01.133,"Tòa án nhân dân Thành phố Hải Phòng",D01.133.11,"Tòa án nhân dân khu vực 11 - Hải Phòng","Thành phố Hải Phòng"
D01.133.12,"Tòa án nhân dân khu vực 12 - Hải Phòng",NEW,D01.133,"Tòa án nhân dân Thành phố Hải Phòng",D01.133.12,"Tòa án nhân dân khu vực 12 - Hải Phòng","Thành phố Hải Phòng"
D01.133.13,"Tòa án nhân dân khu vực 13 - Hải Phòng",NEW,D01.133,"Tòa án nhân dân Thành phố Hải Phòng",D01.133.13,"Tòa án nhân dân khu vực 13 - Hải Phòng","Thành phố Hải Phòng"
D01.134.01,"Tòa án nhân dân khu vực 1 - Hồ Chí Minh",NEW,D01.134,"Tòa án nhân dân Thành phố Hồ Chí Minh",D01.134.01,"Tòa án nhân dân khu vực 1 - Hồ Chí Minh","Thành phố Hồ Chí Minh"
D01.134.02,"Tòa án nhân dân khu vực 2 - Hồ Chí Minh",NEW,D01.134,"Tòa án nhân dân Thành phố Hồ Chí Minh",D01.134.02,"Tòa án nhân dân khu vực 2 - Hồ Chí Minh","Thành phố Hồ Chí Minh"
D01.134.03,"Tòa án nhân dân khu vực 3 - Hồ Chí Minh",NEW,D01.134,"Tòa án nhân dân Thành phố Hồ Chí Minh",D01.134.03,"Tòa án nhân dân khu vực 3 - Hồ Chí Minh","Thành phố Hồ Chí Minh"
D01.134.04,"Tòa án nhân dân khu vực 4 - Hồ Chí Minh",NEW,D01.134,"Tòa án nhân dân Thành phố Hồ Chí Minh",D01.134.04,"Tòa án nhân dân khu vực 4 - Hồ Chí Minh","Thành phố Hồ Chí Minh"
D01.134.05,"Tòa án nhân dân khu vực 5 - Hồ Chí Minh",NEW,D01.134,"Tòa án nhân dân Thành phố Hồ Chí Minh",D01.134.05,"Tòa án nhân dân khu vực 5 - Hồ Chí Minh","Thành phố Hồ Chí Minh"
D01.134.06,"Tòa án nhân dân khu vực 6 - Hồ Chí Minh",NEW,D01.134,"Tòa án nhân dân Thành phố Hồ Chí Minh",D01.134.06,"Tòa án nhân dân khu vực 6 - Hồ Chí Minh","Thành phố Hồ Chí Minh"
D01.134.07,"Tòa án nhân dân khu vực 7 - Hồ Chí Minh",NEW,D01.134,"Tòa án nhân dân Thành phố Hồ Chí Minh",D01.134.07,"Tòa án nhân dân khu vực 7 - Hồ Chí Minh","Thành phố Hồ Chí Minh"
D01.134.08,"Tòa án nhân dân khu vực 8 - Hồ Chí Minh",NEW,D01.134,"Tòa án nhân dân Thành phố Hồ Chí Minh",D01.134.08,"Tòa án nhân dân khu vực 8 - Hồ Chí Minh","Thành phố Hồ Chí Minh"
D01.134.09,"Tòa án nhân dân khu vực 9 - Hồ Chí Minh",NEW,D01.134,"Tòa án nhân dân Thành phố Hồ Chí Minh",D01.134.09,"Tòa án nhân dân khu vực 9 - Hồ Chí Minh","Thành phố Hồ Chí Minh"
D01.134.10,"Tòa án nhân dân khu vực 10 - Hồ Chí Minh",NEW,D01.134,"Tòa án nhân dân Thành phố Hồ Chí Minh",D01.134.10,"Tòa án nhân dân khu vực 10 - Hồ Chí Minh","Thành phố Hồ Chí Minh"
D01.134.11,"Tòa án nhân dân khu vực 11 - Hồ Chí Minh",NEW,D01.134,"Tòa án nhân dân Thành phố Hồ Chí Minh",D01.134.11,"Tòa án nhân dân khu vực 11 - Hồ Chí Minh","Thành phố Hồ Chí Minh"
D01.134.12,"Tòa án nhân dân khu vực 12 - Hồ Chí Minh",NEW,D01.134,"Tòa án nhân dân Thành phố Hồ Chí Minh",D01.134.12,"Tòa án nhân dân khu vực 12 - Hồ Chí Minh","Thành phố Hồ Chí Minh"
D01.134.13,"Tòa án nhân dân khu vực 13 - Hồ Chí Minh",NEW,D01.134,"Tòa án nhân dân Thành phố Hồ Chí Minh",D01.134.13,"Tòa án nhân dân khu vực 13 - Hồ Chí Minh","Thành phố Hồ Chí Minh"
D01.134.14,"Tòa án nhân dân khu vực 14 - Hồ Chí Minh",NEW,D01.134,"Tòa án nhân dân Thành phố Hồ Chí Minh",D01.134.14,"Tòa án nhân dân khu vực 14 - Hồ Chí Minh","Thành phố Hồ Chí Minh"
D01.134.15,"Tòa án nhân dân khu vực 15 - Hồ Chí Minh",NEW,D01.134,"Tòa án nhân dân Thành phố Hồ Chí Minh",D01.134.15,"Tòa án nhân dân khu vực 15 - Hồ Chí Minh","Thành phố Hồ Chí Minh"
D01.134.16,"Tòa án nhân dân khu vực 16 - Hồ Chí Minh",NEW,D01.134,"Tòa án nhân dân Thành phố Hồ Chí Minh",D01.134.16,"Tòa án nhân dân khu vực 16 - Hồ Chí Minh","Thành phố Hồ Chí Minh"
D01.134.17,"Tòa án nhân dân khu vực 17 - Hồ Chí Minh",NEW,D01.134,"Tòa án nhân dân Thành phố Hồ Chí Minh",D01.134.17,"Tòa án nhân dân khu vực 17 - Hồ Chí Minh","Thành phố Hồ Chí Minh"
D01.134.18,"Tòa án nhân dân khu vực 18 - Hồ Chí Minh",NEW,D01.134,"Tòa án nhân dân Thành phố Hồ Chí Minh",D01.134.18,"Tòa án nhân dân khu vực 18 - Hồ Chí Minh","Thành phố Hồ Chí Minh"
D01.134.19,"Tòa án nhân dân khu vực 19 - Hồ Chí Minh",NEW,D01.134,"Tòa án nhân dân Thành phố Hồ Chí Minh",D01.134.19,"Tòa án nhân dân khu vực 19 - Hồ Chí Minh","Thành phố Hồ Chí Minh"
D01.135.01,"Tòa án nhân dân khu vực 1 - Huế",NEW,D01.135,"Tòa án nhân dân Thành phố Huế",D01.135.01,"Tòa án nhân dân khu vực 1 - Huế","Thành phố Huế"
D01.135.02,"Tòa án nhân dân khu vực 2 - Huế",NEW,D01.135,"Tòa án nhân dân Thành phố Huế",D01.135.02,"Tòa án nhân dân khu vực 2 - Huế","Thành phố Huế"
D01.135.03,"Tòa án nhân dân khu vực 3 - Huế",NEW,D01.135,"Tòa án nhân dân Thành phố Huế",D01.135.03,"Tòa án nhân dân khu vực 3 - Huế","Thành phố Huế"
D01.135.04,"Tòa án nhân dân khu vực 4 - Huế",NEW,D01.135,"Tòa án nhân dân Thành phố Huế",D01.135.04,"Tòa án nhân dân khu vực 4 - Huế","Thành phố Huế"
D01.136.01,"Tòa án nhân dân khu vực 1 - Hưng Yên",NEW,D01.136,"Tòa án nhân dân tỉnh Hưng Yên",D01.136.01,"Tòa án nhân dân khu vực 1 - Hưng Yên","Tỉnh Hưng Yên"
D01.136.02,"Tòa án nhân dân khu vực 2 - Hưng Yên",NEW,D01.136,"Tòa án nhân dân tỉnh Hưng Yên",D01.136.02,"Tòa án nhân dân khu vực 2 - Hưng Yên","Tỉnh Hưng Yên"
D01.136.03,"Tòa án nhân dân khu vực 3 - Hưng Yên",NEW,D01.136,"Tòa án nhân dân tỉnh Hưng Yên",D01.136.03,"Tòa án nhân dân khu vực 3 - Hưng Yên","Tỉnh Hưng Yên"
D01.136.04,"Tòa án nhân dân khu vực 4 - Hưng Yên",NEW,D01.136,"Tòa án nhân dân tỉnh Hưng Yên",D01.136.04,"Tòa án nhân dân khu vực 4 - Hưng Yên","Tỉnh Hưng Yên"
D01.136.05,"Tòa án nhân dân khu vực 5 - Hưng Yên",NEW,D01.136,"Tòa án nhân dân tỉnh Hưng Yên",D01.136.05,"Tòa án nhân dân khu vực 5 - Hưng Yên","Tỉnh Hưng Yên"
D01.136.06,"Tòa án nhân dân khu vực 6 - Hưng Yên",NEW,D01.136,"Tòa án nhân dân tỉnh Hưng Yên",D01.136.06,"Tòa án nhân dân khu vực 6 - Hưng Yên","Tỉnh Hưng Yên"
D01.136.07,"Tòa án nhân dân khu vực 7 - Hưng Yên",NEW,D01.136,"Tòa án nhân dân tỉnh Hưng Yên",D01.136.07,"Tòa án nhân dân khu vực 7 - Hưng Yên","Tỉnh Hưng Yên"
D01.136.08,"Tòa án nhân dân khu vực 8 - Hưng Yên",NEW,D01.136,"Tòa án nhân dân tỉnh Hưng Yên",D01.136.08,"Tòa án nhân dân khu vực 8 - Hưng Yên","Tỉnh Hưng Yên"
D01.137.01,"Tòa án nhân dân khu vực 1 - Khánh Hòa",NEW,D01.137,"Tòa án nhân dân tỉnh Khánh Hòa",D01.137.01,"Tòa án nhân dân khu vực 1 - Khánh Hòa","Tỉnh Khánh Hòa"
D01.137.02,"Tòa án nhân dân khu vực 2 - Khánh Hòa",NEW,D01.137,"Tòa án nhân dân tỉnh Khánh Hòa",D01.137.02,"Tòa án nhân dân khu vực 2 - Khánh Hòa","Tỉnh Khánh Hòa"
D01.137.03,"Tòa án nhân dân khu vực 3 - Khánh Hòa",NEW,D01.137,"Tòa án nhân dân tỉnh Khánh Hòa",D01.137.03,"Tòa án nhân dân khu vực 3 - Khánh Hòa","Tỉnh Khánh Hòa"
D01.137.04,"Tòa án nhân dân khu vực 4 - Khánh Hòa",NEW,D01.137,"Tòa án nhân dân tỉnh Khánh Hòa",D01.137.04,"Tòa án nhân dân khu vực 4 - Khánh Hòa","Tỉnh Khánh Hòa"
D01.137.05,"Tòa án nhân dân khu vực 5 - Khánh Hòa",NEW,D01.137,"Tòa án nhân dân tỉnh Khánh Hòa",D01.137.05,"Tòa án nhân dân khu vực 5 - Khánh Hòa","Tỉnh Khánh Hòa"
D01.137.06,"Tòa án nhân dân khu vực 6 - Khánh Hòa",NEW,D01.137,"Tòa án nhân dân tỉnh Khánh Hòa",D01.137.06,"Tòa án nhân dân khu vực 6 - Khánh Hòa","Tỉnh Khánh Hòa"
D01.137.07,"Tòa án nhân dân khu vực 7 - Khánh Hòa",NEW,D01.137,"Tòa án nhân dân tỉnh Khánh Hòa",D01.137.07,"Tòa án nhân dân khu vực 7 - Khánh Hòa","Tỉnh Khánh Hòa"
D01.137.08,"Tòa án nhân dân khu vực 8 - Khánh Hòa",NEW,D01.137,"Tòa án nhân dân tỉnh Khánh Hòa",D01.137.08,"Tòa án nhân dân khu vực 8 - Khánh Hòa","Tỉnh Khánh Hòa"
D01.138.01,"Tòa án nhân dân khu vực 1 - Lai Châu",NEW,D01.138,"Tòa án nhân dân tỉnh Lai Châu",D01.138.01,"Tòa án nhân dân khu vực 1 - Lai Châu","Tỉnh Lai Châu"
D01.138.02,"Tòa án nhân dân khu vực 2 - Lai Châu",NEW,D01.138,"Tòa án nhân dân tỉnh Lai Châu",D01.138.02,"Tòa án nhân dân khu vực 2 - Lai Châu","Tỉnh Lai Châu"
D01.138.03,"Tòa án nhân dân khu vực 3 - Lai Châu",NEW,D01.138,"Tòa án nhân dân tỉnh Lai Châu",D01.138.03,"Tòa án nhân dân khu vực 3 - Lai Châu","Tỉnh Lai Châu"
D01.138.04,"Tòa án nhân dân khu vực 4 - Lai Châu",NEW,D01.138,"Tòa án nhân dân tỉnh Lai Châu",D01.138.04,"Tòa án nhân dân khu vực 4 - Lai Châu","Tỉnh Lai Châu"
D01.139.01,"Tòa án nhân dân khu vực 1 - Lạng Sơn",NEW,D01.139,"Tòa án nhân dân tỉnh Lạng Sơn",D01.139.01,"Tòa án nhân dân khu vực 1 - Lạng Sơn","Tỉnh Lạng Sơn"
D01.139.02,"Tòa án nhân dân khu vực 2 - Lạng Sơn",NEW,D01.139,"Tòa án nhân dân tỉnh Lạng Sơn",D01.139.02,"Tòa án nhân dân khu vực 2 - Lạng Sơn","Tỉnh Lạng Sơn"
D01.139.03,"Tòa án nhân dân khu vực 3 - Lạng Sơn",NEW,D01.139,"Tòa án nhân dân tỉnh Lạng Sơn",D01.139.03,"Tòa án nhân dân khu vực 3 - Lạng Sơn","Tỉnh Lạng Sơn"
D01.139.04,"Tòa án nhân dân khu vực 4 - Lạng Sơn",NEW,D01.139,"Tòa án nhân dân tỉnh Lạng Sơn",D01.139.04,"Tòa án nhân dân khu vực 4 - Lạng Sơn","Tỉnh Lạng Sơn"
D01.139.05,"Tòa án nhân dân khu vực 5 - Lạng Sơn",NEW,D01.139,"Tòa án nhân dân tỉnh Lạng Sơn",D01.139.05,"Tòa án nhân dân khu vực 5 - Lạng Sơn","Tỉnh Lạng Sơn"
D01.140.01,"Tòa án nhân dân khu vực 1 - Lào Cai",NEW,D01.140,"Tòa án nhân dân tỉnh Lào Cai",D01.140.01,"Tòa án nhân dân khu vực 1 - Lào Cai","Tỉnh Lào Cai"
D01.140.02,"Tòa án nhân dân khu vực 2 - Lào Cai",NEW,D01.140,"Tòa án nhân dân tỉnh Lào Cai",D01.140.02,"Tòa án nhân dân khu vực 2 - Lào Cai","Tỉnh Lào Cai"
D01.140.03,"Tòa án nhân dân khu vực 3 - Lào Cai",NEW,D01.140,"Tòa án nhân dân tỉnh Lào Cai",D01.140.03,"Tòa án nhân dân khu vực 3 - Lào Cai","Tỉnh Lào Cai"
D01.140.04,"Tòa án nhân dân khu vực 4 - Lào Cai",NEW,D01.140,"Tòa án nhân dân tỉnh Lào Cai",D01.140.04,"Tòa án nhân dân khu vực 4 - Lào Cai","Tỉnh Lào Cai"
D01.140.05,"Tòa án nhân dân khu vực 5 - Lào Cai",NEW,D01.140,"Tòa án nhân dân tỉnh Lào Cai",D01.140.05,"Tòa án nhân dân khu vực 5 - Lào Cai","Tỉnh Lào Cai"
D01.140.06,"Tòa án nhân dân khu vực 6 - Lào Cai",NEW,D01.140,"Tòa án nhân dân tỉnh Lào Cai",D01.140.06,"Tòa án nhân dân khu vực 6 - Lào Cai","Tỉnh Lào Cai"
D01.140.07,"Tòa án nhân dân khu vực 7 - Lào Cai",NEW,D01.140,"Tòa án nhân dân tỉnh Lào Cai",D01.140.07,"Tòa án nhân dân khu vực 7 - Lào Cai","Tỉnh Lào Cai"
D01.140.08,"Tòa án nhân dân khu vực 8 - Lào Cai",NEW,D01.140,"Tòa án nhân dân tỉnh Lào Cai",D01.140.08,"Tòa án nhân dân khu vực 8 - Lào Cai","Tỉnh Lào Cai"
D01.140.09,"Tòa án nhân dân khu vực 9 - Lào Cai",NEW,D01.140,"Tòa án nhân dân tỉnh Lào Cai",D01.140.09,"Tòa án nhân dân khu vực 9 - Lào Cai","Tỉnh Lào Cai"
D01.141.01,"Tòa án nhân dân khu vực 1 - Lâm Đồng",NEW,D01.141,"Tòa án nhân dân tỉnh Lâm Đồng",D01.141.01,"Tòa án nhân dân khu vực 1 - Lâm Đồng","Tỉnh Lâm Đồng"
D01.141.02,"Tòa án nhân dân khu vực 2 - Lâm Đồng",NEW,D01.141,"Tòa án nhân dân tỉnh Lâm Đồng",D01.141.02,"Tòa án nhân dân khu vực 2 - Lâm Đồng","Tỉnh Lâm Đồng"
D01.141.03,"Tòa án nhân dân khu vực 3 - Lâm Đồng",NEW,D01.141,"Tòa án nhân dân tỉnh Lâm Đồng",D01.141.03,"Tòa án nhân dân khu vực 3 - Lâm Đồng","Tỉnh Lâm Đồng"
D01.141.04,"Tòa án nhân dân khu vực 4 - Lâm Đồng",NEW,D01.141,"Tòa án nhân dân tỉnh Lâm Đồng",D01.141.04,"Tòa án nhân dân khu vực 4 - Lâm Đồng","Tỉnh Lâm Đồng"
D01.141.05,"Tòa án nhân dân khu vực 5 - Lâm Đồng",NEW,D01.141,"Tòa án nhân dân tỉnh Lâm Đồng",D01.141.05,"Tòa án nhân dân khu vực 5 - Lâm Đồng","Tỉnh Lâm Đồng"
D01.141.06,"Tòa án nhân dân khu vực 6 - Lâm Đồng",NEW,D01.141,"Tòa án nhân dân tỉnh Lâm Đồng",D01.141.06,"Tòa án nhân dân khu vực 6 - Lâm Đồng","Tỉnh Lâm Đồng"
D01.141.07,"Tòa án nhân dân khu vực 7 - Lâm Đồng",NEW,D01.141,"Tòa án nhân dân tỉnh Lâm Đồng",D01.141.07,"Tòa án nhân dân khu vực 7 - Lâm Đồng","Tỉnh Lâm Đồng"
D01.141.08,"Tòa án nhân dân khu vực 8 - Lâm Đồng",NEW,D01.141,"Tòa án nhân dân tỉnh Lâm Đồng",D01.141.08,"Tòa án nhân dân khu vực 8 - Lâm Đồng","Tỉnh Lâm Đồng"
D01.141.09,"Tòa án nhân dân khu vực 9 - Lâm Đồng",NEW,D01.141,"Tòa án nhân dân tỉnh Lâm Đồng",D01.141.09,"Tòa án nhân dân khu vực 9 - Lâm Đồng","Tỉnh Lâm Đồng"
D01.141.10,"Tòa án nhân dân khu vực 10 - Lâm Đồng",NEW,D01.141,"Tòa án nhân dân tỉnh Lâm Đồng",D01.141.10,"Tòa án nhân dân khu vực 10 - Lâm Đồng","Tỉnh Lâm Đồng"
D01.141.11,"Tòa án nhân dân khu vực 11 - Lâm Đồng",NEW,D01.141,"Tòa án nhân dân tỉnh Lâm Đồng",D01.141.11,"Tòa án nhân dân khu vực 11 - Lâm Đồng","Tỉnh Lâm Đồng"
D01.141.12,"Tòa án nhân dân khu vực 12 - Lâm Đồng",NEW,D01.141,"Tòa án nhân dân tỉnh Lâm Đồng",D01.141.12,"Tòa án nhân dân khu vực 12 - Lâm Đồng","Tỉnh Lâm Đồng"
D01.141.13,"Tòa án nhân dân khu vực 13 - Lâm Đồng",NEW,D01.141,"Tòa án nhân dân tỉnh Lâm Đồng",D01.141.13,"Tòa án nhân dân khu vực 13 - Lâm Đồng","Tỉnh Lâm Đồng"
D01.141.14,"Tòa án nhân dân khu vực 14 - Lâm Đồng",NEW,D01.141,"Tòa án nhân dân tỉnh Lâm Đồng",D01.141.14,"Tòa án nhân dân khu vực 14 - Lâm Đồng","Tỉnh Lâm Đồng"
D01.141.15,"Tòa án nhân dân khu vực 15 - Lâm Đồng",NEW,D01.141,"Tòa án nhân dân tỉnh Lâm Đồng",D01.141.15,"Tòa án nhân dân khu vực 15 - Lâm Đồng","Tỉnh Lâm Đồng"
D01.141.16,"Tòa án nhân dân khu vực 16 - Lâm Đồng",NEW,D01.141,"Tòa án nhân dân tỉnh Lâm Đồng",D01.141.16,"Tòa án nhân dân khu vực 16 - Lâm Đồng","Tỉnh Lâm Đồng"
D01.141.17,"Tòa án nhân dân khu vực 17 - Lâm Đồng",NEW,D01.141,"Tòa án nhân dân tỉnh Lâm Đồng",D01.141.17,"Tòa án nhân dân khu vực 17 - Lâm Đồng","Tỉnh Lâm Đồng"
D01.142.01,"Tòa án nhân dân khu vực 1 - Nghệ An",NEW,D01.142,"Tòa án nhân dân tỉnh Nghệ An",D01.142.01,"Tòa án nhân dân khu vực 1 - Nghệ An","Tỉnh Nghệ An"
D01.142.02,"Tòa án nhân dân khu vực 2 - Nghệ An",NEW,D01.142,"Tòa án nhân dân tỉnh Nghệ An",D01.142.02,"Tòa án nhân dân khu vực 2 - Nghệ An","Tỉnh Nghệ An"
D01.142.03,"Tòa án nhân dân khu vực 3 - Nghệ An",NEW,D01.142,"Tòa án nhân dân tỉnh Nghệ An",D01.142.03,"Tòa án nhân dân khu vực 3 - Nghệ An","Tỉnh Nghệ An"
D01.142.04,"Tòa án nhân dân khu vực 4 - Nghệ An ",NEW,D01.142,"Tòa án nhân dân tỉnh Nghệ An",D01.142.04,"Tòa án nhân dân khu vực 4 - Nghệ An ","Tỉnh Nghệ An"
D01.142.05,"Tòa án nhân dân khu vực 5 - Nghệ An",NEW,D01.142,"Tòa án nhân dân tỉnh Nghệ An",D01.142.05,"Tòa án nhân dân khu vực 5 - Nghệ An","Tỉnh Nghệ An"
D01.142.06,"Tòa án nhân dân khu vực 6 - Nghệ An",NEW,D01.142,"Tòa án nhân dân tỉnh Nghệ An",D01.142.06,"Tòa án nhân dân khu vực 6 - Nghệ An","Tỉnh Nghệ An"
D01.142.07,"Tòa án nhân dân khu vực 7 - Nghệ An",NEW,D01.142,"Tòa án nhân dân tỉnh Nghệ An",D01.142.07,"Tòa án nhân dân khu vực 7 - Nghệ An","Tỉnh Nghệ An"
D01.142.08,"Tòa án nhân dân khu vực 8 - Nghệ An",NEW,D01.142,"Tòa án nhân dân tỉnh Nghệ An",D01.142.08,"Tòa án nhân dân khu vực 8 - Nghệ An","Tỉnh Nghệ An"
D01.142.09,"Tòa án nhân dân khu vực 9 - Nghệ An",NEW,D01.142,"Tòa án nhân dân tỉnh Nghệ An",D01.142.09,"Tòa án nhân dân khu vực 9 - Nghệ An","Tỉnh Nghệ An"
D01.142.10,"Tòa án nhân dân khu vực 10 - Nghệ An",NEW,D01.142,"Tòa án nhân dân tỉnh Nghệ An",D01.142.10,"Tòa án nhân dân khu vực 10 - Nghệ An","Tỉnh Nghệ An"
D01.142.11,"Tòa án nhân dân khu vực 11 - Nghệ An",NEW,D01.142,"Tòa án nhân dân tỉnh Nghệ An",D01.142.11,"Tòa án nhân dân khu vực 11 - Nghệ An","Tỉnh Nghệ An"
D01.142.12,"Tòa án nhân dân khu vực 12 - Nghệ An",NEW,D01.142,"Tòa án nhân dân tỉnh Nghệ An",D01.142.12,"Tòa án nhân dân khu vực 12 - Nghệ An","Tỉnh Nghệ An"
D01.143.01,"Tòa án nhân dân khu vực 1 - Ninh Bình",NEW,D01.143,"Tòa án nhân dân tỉnh Ninh Bình",D01.143.01,"Tòa án nhân dân khu vực 1 - Ninh Bình","Tỉnh Ninh Bình"
D01.143.02,"Tòa án nhân dân khu vực 2 - Ninh Bình",NEW,D01.143,"Tòa án nhân dân tỉnh Ninh Bình",D01.143.02,"Tòa án nhân dân khu vực 2 - Ninh Bình","Tỉnh Ninh Bình"
D01.143.03,"Tòa án nhân dân khu vực 3 - Ninh Bình",NEW,D01.143,"Tòa án nhân dân tỉnh Ninh Bình",D01.143.03,"Tòa án nhân dân khu vực 3 - Ninh Bình","Tỉnh Ninh Bình"
D01.143.04,"Tòa án nhân dân khu vực 4 - Ninh Bình ",NEW,D01.143,"Tòa án nhân dân tỉnh Ninh Bình",D01.143.04,"Tòa án nhân dân khu vực 4 - Ninh Bình ","Tỉnh Ninh Bình"
D01.143.05,"Tòa án nhân dân khu vực 5 - Ninh Bình",NEW,D01.143,"Tòa án nhân dân tỉnh Ninh Bình",D01.143.05,"Tòa án nhân dân khu vực 5 - Ninh Bình","Tỉnh Ninh Bình"
D01.143.06,"Tòa án nhân dân khu vực 6 - Ninh Bình",NEW,D01.143,"Tòa án nhân dân tỉnh Ninh Bình",D01.143.06,"Tòa án nhân dân khu vực 6 - Ninh Bình","Tỉnh Ninh Bình"
D01.143.07,"Tòa án nhân dân khu vực 7 - Ninh Bình",NEW,D01.143,"Tòa án nhân dân tỉnh Ninh Bình",D01.143.07,"Tòa án nhân dân khu vực 7 - Ninh Bình","Tỉnh Ninh Bình"
D01.143.08,"Tòa án nhân dân khu vực 8 - Ninh Bình",NEW,D01.143,"Tòa án nhân dân tỉnh Ninh Bình",D01.143.08,"Tòa án nhân dân khu vực 8 - Ninh Bình","Tỉnh Ninh Bình"
D01.143.09,"Tòa án nhân dân khu vực 9 - Ninh Bình",NEW,D01.143,"Tòa án nhân dân tỉnh Ninh Bình",D01.143.09,"Tòa án nhân dân khu vực 9 - Ninh Bình","Tỉnh Ninh Bình"
D01.143.10,"Tòa án nhân dân khu vực 10 - Ninh Bình",NEW,D01.143,"Tòa án nhân dân tỉnh Ninh Bình",D01.143.10,"Tòa án nhân dân khu vực 10 - Ninh Bình","Tỉnh Ninh Bình"
D01.143.11,"Tòa án nhân dân khu vực 11 - Ninh Bình",NEW,D01.143,"Tòa án nhân dân tỉnh Ninh Bình",D01.143.11,"Tòa án nhân dân khu vực 11 - Ninh Bình","Tỉnh Ninh Bình"
D01.144.01,"Tòa án nhân dân khu vực 1 - Phú Thọ",NEW,D01.144,"Tòa án nhân dân tỉnh Phú Thọ",D01.144.01,"Tòa án nhân dân khu vực 1 - Phú Thọ","Tỉnh Phú Thọ"
D01.144.02,"Tòa án nhân dân khu vực 2 - Phú Thọ",NEW,D01.144,"Tòa án nhân dân tỉnh Phú Thọ",D01.144.02,"Tòa án nhân dân khu vực 2 - Phú Thọ","Tỉnh Phú Thọ"
D01.144.03,"Tòa án nhân dân khu vực 3 - Phú Thọ",NEW,D01.144,"Tòa án nhân dân tỉnh Phú Thọ",D01.144.03,"Tòa án nhân dân khu vực 3 - Phú Thọ","Tỉnh Phú Thọ"
D01.144.04,"Tòa án nhân dân khu vực 4 - Phú Thọ",NEW,D01.144,"Tòa án nhân dân tỉnh Phú Thọ",D01.144.04,"Tòa án nhân dân khu vực 4 - Phú Thọ","Tỉnh Phú Thọ"
D01.144.05,"Tòa án nhân dân khu vực 5 - Phú Thọ",NEW,D01.144,"Tòa án nhân dân tỉnh Phú Thọ",D01.144.05,"Tòa án nhân dân khu vực 5 - Phú Thọ","Tỉnh Phú Thọ"
D01.144.06,"Tòa án nhân dân khu vực 6 - Phú Thọ",NEW,D01.144,"Tòa án nhân dân tỉnh Phú Thọ",D01.144.06,"Tòa án nhân dân khu vực 6 - Phú Thọ","Tỉnh Phú Thọ"
D01.144.07,"Tòa án nhân dân khu vực 7 - Phú Thọ",NEW,D01.144,"Tòa án nhân dân tỉnh Phú Thọ",D01.144.07,"Tòa án nhân dân khu vực 7 - Phú Thọ","Tỉnh Phú Thọ"
D01.144.08,"Tòa án nhân dân khu vực 8 - Phú Thọ",NEW,D01.144,"Tòa án nhân dân tỉnh Phú Thọ",D01.144.08,"Tòa án nhân dân khu vực 8 - Phú Thọ","Tỉnh Phú Thọ"
D01.144.09,"Tòa án nhân dân khu vực 9 - Phú Thọ",NEW,D01.144,"Tòa án nhân dân tỉnh Phú Thọ",D01.144.09,"Tòa án nhân dân khu vực 9 - Phú Thọ","Tỉnh Phú Thọ"
D01.144.10,"Tòa án nhân dân khu vực 10 - Phú Thọ",NEW,D01.144,"Tòa án nhân dân tỉnh Phú Thọ",D01.144.10,"Tòa án nhân dân khu vực 10 - Phú Thọ","Tỉnh Phú Thọ"
D01.144.11,"Tòa án nhân dân khu vực 11 - Phú Thọ",NEW,D01.144,"Tòa án nhân dân tỉnh Phú Thọ",D01.144.11,"Tòa án nhân dân khu vực 11 - Phú Thọ","Tỉnh Phú Thọ"
D01.144.12,"Tòa án nhân dân khu vực 12 - Phú Thọ",NEW,D01.144,"Tòa án nhân dân tỉnh Phú Thọ",D01.144.12,"Tòa án nhân dân khu vực 12 - Phú Thọ","Tỉnh Phú Thọ"
D01.144.13,"Tòa án nhân dân khu vực 13 - Phú Thọ",NEW,D01.144,"Tòa án nhân dân tỉnh Phú Thọ",D01.144.13,"Tòa án nhân dân khu vực 13 - Phú Thọ","Tỉnh Phú Thọ"
D01.144.14,"Tòa án nhân dân khu vực 14 - Phú Thọ",NEW,D01.144,"Tòa án nhân dân tỉnh Phú Thọ",D01.144.14,"Tòa án nhân dân khu vực 14 - Phú Thọ","Tỉnh Phú Thọ"
D01.144.15,"Tòa án nhân dân khu vực 15 - Phú Thọ",NEW,D01.144,"Tòa án nhân dân tỉnh Phú Thọ",D01.144.15,"Tòa án nhân dân khu vực 15 - Phú Thọ","Tỉnh Phú Thọ"
D01.144.16,"Tòa án nhân dân khu vực 16 - Phú Thọ",NEW,D01.144,"Tòa án nhân dân tỉnh Phú Thọ",D01.144.16,"Tòa án nhân dân khu vực 16 - Phú Thọ","Tỉnh Phú Thọ"
D01.144.17,"Tòa án nhân dân khu vực 17 - Phú Thọ",NEW,D01.144,"Tòa án nhân dân tỉnh Phú Thọ",D01.144.17,"Tòa án nhân dân khu vực 17 - Phú Thọ","Tỉnh Phú Thọ"
D01.145.01,"Tòa án nhân dân khu vực 1 - Quảng Ngãi",NEW,D01.145,"Tòa án nhân dân tỉnh Quảng Ngãi",D01.145.01,"Tòa án nhân dân khu vực 1 - Quảng Ngãi","Tỉnh Quảng Ngãi"
D01.145.02,"Tòa án nhân dân khu vực 2 - Quảng Ngãi",NEW,D01.145,"Tòa án nhân dân tỉnh Quảng Ngãi",D01.145.02,"Tòa án nhân dân khu vực 2 - Quảng Ngãi","Tỉnh Quảng Ngãi"
D01.145.03,"Tòa án nhân dân khu vực 3 - Quảng Ngãi",NEW,D01.145,"Tòa án nhân dân tỉnh Quảng Ngãi",D01.145.03,"Tòa án nhân dân khu vực 3 - Quảng Ngãi","Tỉnh Quảng Ngãi"
D01.145.04,"Tòa án nhân dân khu vực 4 - Quảng Ngãi",NEW,D01.145,"Tòa án nhân dân tỉnh Quảng Ngãi",D01.145.04,"Tòa án nhân dân khu vực 4 - Quảng Ngãi","Tỉnh Quảng Ngãi"
D01.145.05,"Tòa án nhân dân khu vực 5 - Quảng Ngãi",NEW,D01.145,"Tòa án nhân dân tỉnh Quảng Ngãi",D01.145.05,"Tòa án nhân dân khu vực 5 - Quảng Ngãi","Tỉnh Quảng Ngãi"
D01.145.06,"Tòa án nhân dân khu vực 6 - Quảng Ngãi",NEW,D01.145,"Tòa án nhân dân tỉnh Quảng Ngãi",D01.145.06,"Tòa án nhân dân khu vực 6 - Quảng Ngãi","Tỉnh Quảng Ngãi"
D01.145.07,"Tòa án nhân dân khu vực 7 - Quảng Ngãi",NEW,D01.145,"Tòa án nhân dân tỉnh Quảng Ngãi",D01.145.07,"Tòa án nhân dân khu vực 7 - Quảng Ngãi","Tỉnh Quảng Ngãi"
D01.145.08,"Tòa án nhân dân khu vực 8 - Quảng Ngãi ",NEW,D01.145,"Tòa án nhân dân tỉnh Quảng Ngãi",D01.145.08,"Tòa án nhân dân khu vực 8 - Quảng Ngãi ","Tỉnh Quảng Ngãi"
D01.145.09,"Tòa án nhân dân khu vực 9 - Quảng Ngãi ",NEW,D01.145,"Tòa án nhân dân tỉnh Quảng Ngãi",D01.145.09,"Tòa án nhân dân khu vực 9 - Quảng Ngãi ","Tỉnh Quảng Ngãi"
D01.145.10,"Tòa án nhân dân khu vực 10 - Quảng Ngãi",NEW,D01.145,"Tòa án nhân dân tỉnh Quảng Ngãi",D01.145.10,"Tòa án nhân dân khu vực 10 - Quảng Ngãi","Tỉnh Quảng Ngãi"
D01.145.11,"Tòa án nhân dân khu vực 11 - Quảng Ngãi",NEW,D01.145,"Tòa án nhân dân tỉnh Quảng Ngãi",D01.145.11,"Tòa án nhân dân khu vực 11 - Quảng Ngãi","Tỉnh Quảng Ngãi"
D01.146.01,"Tòa án nhân dân khu vực 1 - Quảng Ninh",NEW,D01.146,"Tòa án nhân dân tỉnh Quảng Ninh",D01.146.01,"Tòa án nhân dân khu vực 1 - Quảng Ninh","Tỉnh Quảng Ninh"
D01.146.02,"Tòa án nhân dân khu vực 2 - Quảng Ninh",NEW,D01.146,"Tòa án nhân dân tỉnh Quảng Ninh",D01.146.02,"Tòa án nhân dân khu vực 2 - Quảng Ninh","Tỉnh Quảng Ninh"
D01.146.03,"Tòa án nhân dân khu vực 3 - Quảng Ninh",NEW,D01.146,"Tòa án nhân dân tỉnh Quảng Ninh",D01.146.03,"Tòa án nhân dân khu vực 3 - Quảng Ninh","Tỉnh Quảng Ninh"
D01.146.04,"Tòa án nhân dân khu vực 4 - Quảng Ninh",NEW,D01.146,"Tòa án nhân dân tỉnh Quảng Ninh",D01.146.04,"Tòa án nhân dân khu vực 4 - Quảng Ninh","Tỉnh Quảng Ninh"
D01.146.05,"Tòa án nhân dân khu vực 5 - Quảng Ninh",NEW,D01.146,"Tòa án nhân dân tỉnh Quảng Ninh",D01.146.05,"Tòa án nhân dân khu vực 5 - Quảng Ninh","Tỉnh Quảng Ninh"
D01.146.06,"Tòa án nhân dân khu vực 6 - Quảng Ninh",NEW,D01.146,"Tòa án nhân dân tỉnh Quảng Ninh",D01.146.06,"Tòa án nhân dân khu vực 6 - Quảng Ninh","Tỉnh Quảng Ninh"
D01.147.01,"Tòa án nhân dân khu vực 1 - Quảng Trị",NEW,D01.147,"Tòa án nhân dân tỉnh Quảng Trị",D01.147.01,"Tòa án nhân dân khu vực 1 - Quảng Trị","Tỉnh Quảng Trị"
D01.147.02,"Tòa án nhân dân khu vực 2 - Quảng Trị",NEW,D01.147,"Tòa án nhân dân tỉnh Quảng Trị",D01.147.02,"Tòa án nhân dân khu vực 2 - Quảng Trị","Tỉnh Quảng Trị"
D01.147.03,"Tòa án nhân dân khu vực 3 - Quảng Trị",NEW,D01.147,"Tòa án nhân dân tỉnh Quảng Trị",D01.147.03,"Tòa án nhân dân khu vực 3 - Quảng Trị","Tỉnh Quảng Trị"
D01.147.04,"Tòa án nhân dân khu vực 4 - Quảng Trị",NEW,D01.147,"Tòa án nhân dân tỉnh Quảng Trị",D01.147.04,"Tòa án nhân dân khu vực 4 - Quảng Trị","Tỉnh Quảng Trị"
D01.147.05,"Tòa án nhân dân khu vực 5 - Quảng Trị",NEW,D01.147,"Tòa án nhân dân tỉnh Quảng Trị",D01.147.05,"Tòa án nhân dân khu vực 5 - Quảng Trị","Tỉnh Quảng Trị"
D01.147.06,"Tòa án nhân dân khu vực 6 - Quảng Trị",NEW,D01.147,"Tòa án nhân dân tỉnh Quảng Trị",D01.147.06,"Tòa án nhân dân khu vực 6 - Quảng Trị","Tỉnh Quảng Trị"
D01.147.07,"Tòa án nhân dân khu vực 7 - Quảng Trị",NEW,D01.147,"Tòa án nhân dân tỉnh Quảng Trị",D01.147.07,"Tòa án nhân dân khu vực 7 - Quảng Trị","Tỉnh Quảng Trị"
D01.147.08,"Tòa án nhân dân khu vực 8 - Quảng Trị",NEW,D01.147,"Tòa án nhân dân tỉnh Quảng Trị",D01.147.08,"Tòa án nhân dân khu vực 8 - Quảng Trị","Tỉnh Quảng Trị"
D01.148.01,"Tòa án nhân dân khu vực 1 - Sơn La",NEW,D01.148,"Tòa án nhân dân tỉnh Sơn La",D01.148.01,"Tòa án nhân dân khu vực 1 - Sơn La","Tỉnh Sơn La"
D01.148.02,"Tòa án nhân dân khu vực 2 - Sơn La",NEW,D01.148,"Tòa án nhân dân tỉnh Sơn La",D01.148.02,"Tòa án nhân dân khu vực 2 - Sơn La","Tỉnh Sơn La"
D01.148.03,"Tòa án nhân dân khu vực 3 - Sơn La",NEW,D01.148,"Tòa án nhân dân tỉnh Sơn La",D01.148.03,"Tòa án nhân dân khu vực 3 - Sơn La","Tỉnh Sơn La"
D01.148.04,"Tòa án nhân dân khu vực 4 - Sơn La",NEW,D01.148,"Tòa án nhân dân tỉnh Sơn La",D01.148.04,"Tòa án nhân dân khu vực 4 - Sơn La","Tỉnh Sơn La"
D01.148.05,"Tòa án nhân dân khu vực 5 - Sơn La",NEW,D01.148,"Tòa án nhân dân tỉnh Sơn La",D01.148.05,"Tòa án nhân dân khu vực 5 - Sơn La","Tỉnh Sơn La"
D01.148.06,"Tòa án nhân dân khu vực 6 - Sơn La",NEW,D01.148,"Tòa án nhân dân tỉnh Sơn La",D01.148.06,"Tòa án nhân dân khu vực 6 - Sơn La","Tỉnh Sơn La"
D01.149.01,"Tòa án nhân dân khu vực 1 - Tây Ninh",NEW,D01.149,"Tòa án nhân dân tỉnh Tây Ninh",D01.149.01,"Tòa án nhân dân khu vực 1 - Tây Ninh","Tỉnh Tây Ninh"
D01.149.02,"Tòa án nhân dân khu vực 2 - Tây Ninh",NEW,D01.149,"Tòa án nhân dân tỉnh Tây Ninh",D01.149.02,"Tòa án nhân dân khu vực 2 - Tây Ninh","Tỉnh Tây Ninh"
D01.149.03,"Tòa án nhân dân khu vực 3 - Tây Ninh",NEW,D01.149,"Tòa án nhân dân tỉnh Tây Ninh",D01.149.03,"Tòa án nhân dân khu vực 3 - Tây Ninh","Tỉnh Tây Ninh"
D01.149.04,"Tòa án nhân dân khu vực 4 - Tây Ninh",NEW,D01.149,"Tòa án nhân dân tỉnh Tây Ninh",D01.149.04,"Tòa án nhân dân khu vực 4 - Tây Ninh","Tỉnh Tây Ninh"
D01.149.05,"Tòa án nhân dân khu vực 5 - Tây Ninh",NEW,D01.149,"Tòa án nhân dân tỉnh Tây Ninh",D01.149.05,"Tòa án nhân dân khu vực 5 - Tây Ninh","Tỉnh Tây Ninh"
D01.149.06,"Tòa án nhân dân khu vực 6 - Tây Ninh",NEW,D01.149,"Tòa án nhân dân tỉnh Tây Ninh",D01.149.06,"Tòa án nhân dân khu vực 6 - Tây Ninh","Tỉnh Tây Ninh"
D01.149.07,"Tòa án nhân dân khu vực 7 - Tây Ninh",NEW,D01.149,"Tòa án nhân dân tỉnh Tây Ninh",D01.149.07,"Tòa án nhân dân khu vực 7 - Tây Ninh","Tỉnh Tây Ninh"
D01.149.08,"Tòa án nhân dân khu vực 8 - Tây Ninh",NEW,D01.149,"Tòa án nhân dân tỉnh Tây Ninh",D01.149.08,"Tòa án nhân dân khu vực 8 - Tây Ninh","Tỉnh Tây Ninh"
D01.149.09,"Tòa án nhân dân khu vực 9 - Tây Ninh",NEW,D01.149,"Tòa án nhân dân tỉnh Tây Ninh",D01.149.09,"Tòa án nhân dân khu vực 9 - Tây Ninh","Tỉnh Tây Ninh"
D01.149.10,"Tòa án nhân dân khu vực 10 - Tây Ninh",NEW,D01.149,"Tòa án nhân dân tỉnh Tây Ninh",D01.149.10,"Tòa án nhân dân khu vực 10 - Tây Ninh","Tỉnh Tây Ninh"
D01.149.11,"Tòa án nhân dân khu vực 11 - Tây Ninh",NEW,D01.149,"Tòa án nhân dân tỉnh Tây Ninh",D01.149.11,"Tòa án nhân dân khu vực 11 - Tây Ninh","Tỉnh Tây Ninh"
D01.149.12,"Tòa án nhân dân khu vực 12 - Tây Ninh",NEW,D01.149,"Tòa án nhân dân tỉnh Tây Ninh",D01.149.12,"Tòa án nhân dân khu vực 12 - Tây Ninh","Tỉnh Tây Ninh"
D01.150.01,"Tòa án nhân dân khu vực 1 - Thái Nguyên",NEW,D01.150,"Tòa án nhân dân tỉnh Thái Nguyên",D01.150.01,"Tòa án nhân dân khu vực 1 - Thái Nguyên","Tỉnh Thái Nguyên"
D01.150.02,"Tòa án nhân dân khu vực 2 - Thái Nguyên",NEW,D01.150,"Tòa án nhân dân tỉnh Thái Nguyên",D01.150.02,"Tòa án nhân dân khu vực 2 - Thái Nguyên","Tỉnh Thái Nguyên"
D01.150.03,"Tòa án nhân dân khu vực 3 - Thái Nguyên",NEW,D01.150,"Tòa án nhân dân tỉnh Thái Nguyên",D01.150.03,"Tòa án nhân dân khu vực 3 - Thái Nguyên","Tỉnh Thái Nguyên"
D01.150.04,"Tòa án nhân dân khu vực 4 - Thái Nguyên",NEW,D01.150,"Tòa án nhân dân tỉnh Thái Nguyên",D01.150.04,"Tòa án nhân dân khu vực 4 - Thái Nguyên","Tỉnh Thái Nguyên"
D01.150.05,"Tòa án nhân dân khu vực 5 - Thái Nguyên",NEW,D01.150,"Tòa án nhân dân tỉnh Thái Nguyên",D01.150.05,"Tòa án nhân dân khu vực 5 - Thái Nguyên","Tỉnh Thái Nguyên"
D01.150.06,"Tòa án nhân dân khu vực 6 - Thái Nguyên",NEW,D01.150,"Tòa án nhân dân tỉnh Thái Nguyên",D01.150.06,"Tòa án nhân dân khu vực 6 - Thái Nguyên","Tỉnh Thái Nguyên"
D01.150.07,"Tòa án nhân dân khu vực 7 - Thái Nguyên",NEW,D01.150,"Tòa án nhân dân tỉnh Thái Nguyên",D01.150.07,"Tòa án nhân dân khu vực 7 - Thái Nguyên","Tỉnh Thái Nguyên"
D01.150.08,"Tòa án nhân dân khu vực 8 - Thái Nguyên",NEW,D01.150,"Tòa án nhân dân tỉnh Thái Nguyên",D01.150.08,"Tòa án nhân dân khu vực 8 - Thái Nguyên","Tỉnh Thái Nguyên"
D01.150.09,"Tòa án nhân dân khu vực 9 - Thái Nguyên",NEW,D01.150,"Tòa án nhân dân tỉnh Thái Nguyên",D01.150.09,"Tòa án nhân dân khu vực 9 - Thái Nguyên","Tỉnh Thái Nguyên"
D01.151.01,"Tòa án nhân dân khu vực 1 - Thanh Hóa",NEW,D01.151,"Tòa án nhân dân tỉnh Thanh Hóa",D01.151.01,"Tòa án nhân dân khu vực 1 - Thanh Hóa","Tỉnh Thanh Hóa"
D01.151.02,"Tòa án nhân dân khu vực 2 - Thanh Hóa",NEW,D01.151,"Tòa án nhân dân tỉnh Thanh Hóa",D01.151.02,"Tòa án nhân dân khu vực 2 - Thanh Hóa","Tỉnh Thanh Hóa"
D01.151.03,"Tòa án nhân dân khu vực 3 - Thanh Hóa",NEW,D01.151,"Tòa án nhân dân tỉnh Thanh Hóa",D01.151.03,"Tòa án nhân dân khu vực 3 - Thanh Hóa","Tỉnh Thanh Hóa"
D01.151.04,"Tòa án nhân dân khu vực 4 - Thanh Hóa",NEW,D01.151,"Tòa án nhân dân tỉnh Thanh Hóa",D01.151.04,"Tòa án nhân dân khu vực 4 - Thanh Hóa","Tỉnh Thanh Hóa"
D01.151.05,"Tòa án nhân dân khu vực 5 - Thanh Hóa",NEW,D01.151,"Tòa án nhân dân tỉnh Thanh Hóa",D01.151.05,"Tòa án nhân dân khu vực 5 - Thanh Hóa","Tỉnh Thanh Hóa"
D01.151.06,"Tòa án nhân dân khu vực 6 - Thanh Hóa",NEW,D01.151,"Tòa án nhân dân tỉnh Thanh Hóa",D01.151.06,"Tòa án nhân dân khu vực 6 - Thanh Hóa","Tỉnh Thanh Hóa"
D01.151.07,"Tòa án nhân dân khu vực 7 - Thanh Hóa",NEW,D01.151,"Tòa án nhân dân tỉnh Thanh Hóa",D01.151.07,"Tòa án nhân dân khu vực 7 - Thanh Hóa","Tỉnh Thanh Hóa"
D01.151.08,"Tòa án nhân dân khu vực 8 - Thanh Hóa",NEW,D01.151,"Tòa án nhân dân tỉnh Thanh Hóa",D01.151.08,"Tòa án nhân dân khu vực 8 - Thanh Hóa","Tỉnh Thanh Hóa"
D01.151.09,"Tòa án nhân dân khu vực 9 - Thanh Hóa",NEW,D01.151,"Tòa án nhân dân tỉnh Thanh Hóa",D01.151.09,"Tòa án nhân dân khu vực 9 - Thanh Hóa","Tỉnh Thanh Hóa"
D01.151.10,"Tòa án nhân dân khu vực 10 - Thanh Hóa",NEW,D01.151,"Tòa án nhân dân tỉnh Thanh Hóa",D01.151.10,"Tòa án nhân dân khu vực 10 - Thanh Hóa","Tỉnh Thanh Hóa"
D01.151.11,"Tòa án nhân dân khu vực 11 - Thanh Hóa",NEW,D01.151,"Tòa án nhân dân tỉnh Thanh Hóa",D01.151.11,"Tòa án nhân dân khu vực 11 - Thanh Hóa","Tỉnh Thanh Hóa"
D01.151.12,"Tòa án nhân dân khu vực 12 - Thanh Hóa",NEW,D01.151,"Tòa án nhân dân tỉnh Thanh Hóa",D01.151.12,"Tòa án nhân dân khu vực 12 - Thanh Hóa","Tỉnh Thanh Hóa"
D01.151.13,"Tòa án nhân dân khu vực 13 - Thanh Hóa",NEW,D01.151,"Tòa án nhân dân tỉnh Thanh Hóa",D01.151.13,"Tòa án nhân dân khu vực 13 - Thanh Hóa","Tỉnh Thanh Hóa"
D01.152.01,"Tòa án nhân dân khu vực 1 - Tuyên Quang",NEW,D01.152,"Tòa án nhân dân tỉnh Tuyên Quang",D01.152.01,"Tòa án nhân dân khu vực 1 - Tuyên Quang","Tỉnh Tuyên Quang"
D01.152.02,"Tòa án nhân dân khu vực 2 - Tuyên Quang",NEW,D01.152,"Tòa án nhân dân tỉnh Tuyên Quang",D01.152.02,"Tòa án nhân dân khu vực 2 - Tuyên Quang","Tỉnh Tuyên Quang"
D01.152.03,"Tòa án nhân dân khu vực 3 - Tuyên Quang",NEW,D01.152,"Tòa án nhân dân tỉnh Tuyên Quang",D01.152.03,"Tòa án nhân dân khu vực 3 - Tuyên Quang","Tỉnh Tuyên Quang"
D01.152.04,"Tòa án nhân dân khu vực 4 - Tuyên Quang",NEW,D01.152,"Tòa án nhân dân tỉnh Tuyên Quang",D01.152.04,"Tòa án nhân dân khu vực 4 - Tuyên Quang","Tỉnh Tuyên Quang"
D01.152.05,"Tòa án nhân dân khu vực 5 - Tuyên Quang",NEW,D01.152,"Tòa án nhân dân tỉnh Tuyên Quang",D01.152.05,"Tòa án nhân dân khu vực 5 - Tuyên Quang","Tỉnh Tuyên Quang"
D01.152.06,"Tòa án nhân dân khu vực 6 - Tuyên Quang",NEW,D01.152,"Tòa án nhân dân tỉnh Tuyên Quang",D01.152.06,"Tòa án nhân dân khu vực 6 - Tuyên Quang","Tỉnh Tuyên Quang"
D01.152.07,"Tòa án nhân dân khu vực 7 - Tuyên Quang",NEW,D01.152,"Tòa án nhân dân tỉnh Tuyên Quang",D01.152.07,"Tòa án nhân dân khu vực 7 - Tuyên Quang","Tỉnh Tuyên Quang"
D01.152.08,"Tòa án nhân dân khu vực 8 - Tuyên Quang",NEW,D01.152,"Tòa án nhân dân tỉnh Tuyên Quang",D01.152.08,"Tòa án nhân dân khu vực 8 - Tuyên Quang","Tỉnh Tuyên Quang"
D01.153.01,"Tòa án nhân dân khu vực 1 - Vĩnh Long",NEW,D01.153,"Tòa án nhân dân tỉnh Vĩnh Long",D01.153.01,"Tòa án nhân dân khu vực 1 - Vĩnh Long","Tỉnh Vĩnh Long"
D01.153.02,"Tòa án nhân dân khu vực 2 - Vĩnh Long",NEW,D01.153,"Tòa án nhân dân tỉnh Vĩnh Long",D01.153.02,"Tòa án nhân dân khu vực 2 - Vĩnh Long","Tỉnh Vĩnh Long"
D01.153.03,"Tòa án nhân dân khu vực 3 - Vĩnh Long",NEW,D01.153,"Tòa án nhân dân tỉnh Vĩnh Long",D01.153.03,"Tòa án nhân dân khu vực 3 - Vĩnh Long","Tỉnh Vĩnh Long"
D01.153.04,"Tòa án nhân dân khu vực 4 - Vĩnh Long",NEW,D01.153,"Tòa án nhân dân tỉnh Vĩnh Long",D01.153.04,"Tòa án nhân dân khu vực 4 - Vĩnh Long","Tỉnh Vĩnh Long"
D01.153.05,"Tòa án nhân dân khu vực 5 - Vĩnh Long",NEW,D01.153,"Tòa án nhân dân tỉnh Vĩnh Long",D01.153.05,"Tòa án nhân dân khu vực 5 - Vĩnh Long","Tỉnh Vĩnh Long"
D01.153.06,"Tòa án nhân dân khu vực 6 - Vĩnh Long",NEW,D01.153,"Tòa án nhân dân tỉnh Vĩnh Long",D01.153.06,"Tòa án nhân dân khu vực 6 - Vĩnh Long","Tỉnh Vĩnh Long"
D01.153.07,"Tòa án nhân dân khu vực 7 - Vĩnh Long",NEW,D01.153,"Tòa án nhân dân tỉnh Vĩnh Long",D01.153.07,"Tòa án nhân dân khu vực 7 - Vĩnh Long","Tỉnh Vĩnh Long"
D01.153.08,"Tòa án nhân dân khu vực 8 - Vĩnh Long",NEW,D01.153,"Tòa án nhân dân tỉnh Vĩnh Long",D01.153.08,"Tòa án nhân dân khu vực 8 - Vĩnh Long","Tỉnh Vĩnh Long"
D01.153.09,"Tòa án nhân dân khu vực 9 - Vĩnh Long",NEW,D01.153,"Tòa án nhân dân tỉnh Vĩnh Long",D01.153.09,"Tòa án nhân dân khu vực 9 - Vĩnh Long","Tỉnh Vĩnh Long"
D01.153.10,"Tòa án nhân dân khu vực 10 - Vĩnh Long",NEW,D01.153,"Tòa án nhân dân tỉnh Vĩnh Long",D01.153.10,"Tòa án nhân dân khu vực 10 - Vĩnh Long","Tỉnh Vĩnh Long"
D01.153.11,"Tòa án nhân dân khu vực 11 - Vĩnh Long",NEW,D01.153,"Tòa án nhân dân tỉnh Vĩnh Long",D01.153.11,"Tòa án nhân dân khu vực 11 - Vĩnh Long","Tỉnh Vĩnh Long"
D01.153.12,"Tòa án nhân dân khu vực 12 - Vĩnh Long",NEW,D01.153,"Tòa án nhân dân tỉnh Vĩnh Long",D01.153.12,"Tòa án nhân dân khu vực 12 - Vĩnh Long","Tỉnh Vĩnh Long"
D01.153.13,"Tòa án nhân dân khu vực 13 - Vĩnh Long",NEW,D01.153,"Tòa án nhân dân tỉnh Vĩnh Long",D01.153.13,"Tòa án nhân dân khu vực 13 - Vĩnh Long","Tỉnh Vĩnh Long"
D01.153.14,"Tòa án nhân dân khu vực 14 - Vĩnh Long",NEW,D01.153,"Tòa án nhân dân tỉnh Vĩnh Long",D01.153.14,"Tòa án nhân dân khu vực 14 - Vĩnh Long","Tỉnh Vĩnh Long"
D01.98,"Tòa án nhân dân tỉnh Test",OLD,NULL,NULL,D01.198,"Tòa án nhân dân tỉnh Test New","Tỉnh Test"
D01.98.01,"Tòa án nhân dân huyện Test",OLD,D01.98,"Tòa án nhân dân tỉnh Test",D01.198.01,"Tòa án nhân dân khu vực Test - Tỉnh test","Tỉnh Test"
D01.198,"Tòa án nhân dân tỉnh Test New",NEW,NULL,NULL,D01.198,"Tòa án nhân dân tỉnh Test New","Tỉnh Test"
D01.198.01,"Tòa án nhân dân khu vực Test - Tỉnh test",NEW,D01.198,"Tòa án nhân dân tỉnh Test New",D01.198.01,"Tòa án nhân dân khu vực Test - Tỉnh test","Tỉnh Test New"
D01.82.11,"Tòa án nhân dân quận Phú Xuân",OLD,D01.82,"Tòa án nhân dân tỉnh Thừa Thiên - Huế",D01.135.02,"Tòa án nhân dân khu vực 2 - Huế","Thành phố Huế"
D01.82.10,"Tòa án nhân dân quận Thuận Hóa",OLD,D01.82,"Tòa án nhân dân tỉnh Thừa Thiên - Huế",D01.135.01,"Tòa án nhân dân khu vực 1 - Huế","Thành phố Huế"
D01.27.09,"Tòa án nhân dân huyện Long Đất",OLD,D01.27,"Tòa án nhân dân tỉnh Bà Rịa - Vũng Tàu",D01.134.13,"Tòa án nhân dân khu vực 13 - Hồ Chí Minh","Tỉnh Bà Rịa - Vũng Tàu"
D01.28.11,"Tòa án nhân dân thị xã Chũ",OLD,D01.28,"Tòa án nhân dân tỉnh Bắc Giang",D01.121.05,"Tòa án nhân dân khu vực 5 - Bắc Ninh","Tỉnh Bắc Giang"
D01.40.07,"Tòa án nhân dân huyện Hoà Vang, thành phố Đà Nẵng",OLD,D01.40,"Tòa án nhân dân Thành phố Đà Nẵng",D01.125.04,"Tòa án nhân dân khu vực 4 - Đà Nẵng","Thành phố Đà Nẵng"
D01.86.03,"Tòa án nhân dân huyện Bình Tân, tỉnh Vĩnh Long",OLD,D01.86,"Tòa án nhân dân tỉnh Vĩnh Long",D01.153.03,"Tòa án nhân dân khu vực 3 - Vĩnh Long","Tỉnh Vĩnh Long"
D01.84.07,"Tòa án nhân dân huyện Duyên Hải, tỉnh Trà Vinh",OLD,D01.84,"Tòa án nhân dân tỉnh Trà Vinh",D01.153.14,"Tòa án nhân dân khu vực 14 - Vĩnh Long","Tỉnh Trà Vinh"
D01.45.06,"Tòa án nhân dân huyện Hồng Ngự, tỉnh Đồng Tháp",OLD,D01.45,"Tòa án nhân dân tỉnh Đồng Tháp",D01.129.12,"Tòa án nhân dân khu vực 12 - Đồng Tháp","Tỉnh Đồng Tháp"
D01.85.05,"Tòa án nhân dân huyện Nà Hang, tỉnh Tuyên Quang",OLD,D01.85,"Tòa án nhân dân tỉnh Tuyên Quang",D01.152.03,"Tòa án nhân dân khu vực 3 - Tuyên Quang","Tỉnh Tuyên Quang"
D01.83.05,"Tòa án nhân dân huyện Cai Lậy, tỉnh Tiền Giang",OLD,D01.83,"Tòa án nhân dân tỉnh Tiền Giang",D01.129.04,"Tòa án nhân dân khu vực 4 - Đồng Tháp","Tỉnh Tiền Giang"
D01.82.01,"Tòa án nhân dân thành phố Huế, tỉnh Thừa Thiên - Huế",OLD,D01.82,"Tòa án nhân dân tỉnh Thừa Thiên - Huế",D01.135,"Tòa án nhân dân Thành phố Huế","Thành phố Huế"
D01.27.05,"Tòa án nhân dân huyện Đất Đỏ, tỉnh Bà Rịa - Vũng Tàu",OLD,D01.27,"Tòa án nhân dân tỉnh Bà Rịa - Vũng Tàu",D01.134.13,"Tòa án nhân dân khu vực 13 - Hồ Chí Minh","Tỉnh Bà Rịa - Vũng Tàu"
D01.82.05,"Tòa án nhân dân huyện Nam Đông, tỉnh Thừa Thiên - Huế",OLD,D01.82,"Tòa án nhân dân tỉnh Thừa Thiên - Huế",D01.135.04,"Tòa án nhân dân khu vực 4 - Huế","Thành phố Huế"
D01.27.06,"Tòa án nhân dân huyện Long Điền, tỉnh Bà Rịa - Vũng Tàu",OLD,D01.27,"Tòa án nhân dân tỉnh Bà Rịa - Vũng Tàu",D01.134.13,"Tòa án nhân dân khu vực 13 - Hồ Chí Minh","Tỉnh Bà Rịa - Vũng Tàu"
D01.66.02,"Tòa án nhân dân thị xã Cửa Lò, tỉnh Nghệ An",OLD,D01.66,"Tòa án nhân dân tỉnh Nghệ An",D01.142.01,"Tòa án nhân dân khu vực 1 - Nghệ An","Tỉnh Nghệ An"
D01.81.07,"Tòa án nhân dân huyện Đông Sơn, tỉnh Thanh Hóa",OLD,D01.81,"Tòa án nhân dân tỉnh Thanh Hóa",D01.151.01,"Tòa án nhân dân khu vực 1 - Thanh Hóa","Tỉnh Thanh Hóa"
D01.72.11,"Tòa án nhân dân huyện Nông Sơn, tỉnh Quảng Nam",OLD,D01.72,"Tòa án nhân dân tỉnh Quảng Nam",D01.125.06,"Tòa án nhân dân khu vực 6 - Đà Nẵng","Tỉnh Quảng Nam"
D01.65.04,"Tòa án nhân dân huyện Mỹ Lộc, tỉnh Nam Định",OLD,D01.65,"Tòa án nhân dân tỉnh Nam Định",D01.143.07,"Tòa án nhân dân khu vực 7 - Ninh Bình","Tỉnh Nam Định"
D01.60.07,"Tòa án nhân dân huyện Tân Uyên, tỉnh Lai Châu",OLD,D01.60,"Tòa án nhân dân tỉnh Lai Châu",D01.138.02,"Tòa án nhân dân khu vực 2 - Lai Châu","Tỉnh Lai Châu"
D01.53.06,"Tòa án nhân dân huyện Long Mỹ, tỉnh Hậu Giang",OLD,D01.53,"Tòa án nhân dân tỉnh Hậu Giang",D01.124.12,"Tòa án nhân dân khu vực 12 - Cần Thơ","Tỉnh Hậu Giang"
D01.50.09,"Tòa án nhân dân huyện Kỳ Anh, tỉnh Hà Tĩnh",OLD,D01.50,"Tòa án nhân dân tỉnh Hà Tĩnh",D01.132.02,"Tòa án nhân dân khu vực 2 - Hà Tĩnh","Tỉnh Hà Tĩnh"
D01.50.10,"Tòa án nhân dân huyện Lộc Hà, tỉnh Hà Tĩnh",OLD,D01.50,"Tòa án nhân dân tỉnh Hà Tĩnh",D01.132.01,"Tòa án nhân dân khu vực 1 - Hà Tĩnh","Tỉnh Hà Tĩnh"
D01.45.05,"Tòa án nhân dân huyện Châu Thành, tỉnh Đồng Tháp",OLD,D01.45,"Tòa án nhân dân tỉnh Đồng Tháp",D01.129.08,"Tòa án nhân dân khu vực 8 - Đồng Tháp","Tỉnh Đồng Tháp"
THONGNONG,"Tòa án nhân dân huyện Thông Nông, tỉnh Cao Bằng",OLD,D01.39,"Tòa án nhân dân tỉnh Cao Bằng",D01.123.04,"Tòa án nhân dân khu vực 4 - Cao Bằng","Tỉnh Cao Bằng"
TRALINH,"Tòa án nhân dân huyện Trà Lĩnh, tỉnh Cao Bằng",OLD,D01.39,"Tòa án nhân dân tỉnh Cao Bằng",D01.123.03,"Tòa án nhân dân khu vực 3 - Cao Bằng","Tỉnh Cao Bằng"
QUANGUYEN,"Tòa án nhân dân huyện Quảng Uyên, tỉnh Cao Bằng",OLD,D01.39,"Tòa án nhân dân tỉnh Cao Bằng",D01.123.02,"Tòa án nhân dân khu vực 2 - Cao Bằng","Tỉnh Cao Bằng"
PHUCHOA,"Tòa án nhân dân huyện Phục Hòa, tỉnh Cao Bằng",OLD,D01.39,"Tòa án nhân dân tỉnh Cao Bằng",D01.123.02,"Tòa án nhân dân khu vực 2 - Cao Bằng","Tỉnh Cao Bằng"
HOANHBO,"Tòa án nhân dân huyện Hoành Bồ, tỉnh Quảng Ninh",OLD,D01.74,"Tòa án nhân dân tỉnh Quảng Ninh",D01.146.01,"Tòa án nhân dân khu vực 1 - Quảng Ninh","Tỉnh Quảng Ninh"
HATAY,"Tòa án nhân dân tỉnh Hà Tây",OLD,D01.49,"Tòa án nhân dân Thành phố Hà Nội",D01.131,"Tòa án nhân dân Thành phố Hà Nội","Thành phố Hà Nội"
HADONG,"Tòa án nhân dân thị xã Hà Đông, tỉnh Hà Tây",OLD,D01.49,"Tòa án nhân dân Thành phố Hà Nội",D01.131.06,"Tòa án nhân dân khu vực 6 - Hà Nội","Thành phố Hà Nội"
Q2HCM,"Tòa án nhân dân Quận 2, Thành phố Hồ Chí Minh",OLD,D01.54,"Tòa án nhân dân Thành phố Hồ Chí Minh",D01.134.02,"Tòa án nhân dân khu vực 2 - Hồ Chí Minh","Thành phố Hồ Chí Minh"
Q9HCM,"Tòa án nhân dân Quận 9, Thành phố Hồ Chí Minh",OLD,D01.54,"Tòa án nhân dân Thành phố Hồ Chí Minh",D01.134.02,"Tòa án nhân dân khu vực 2 - Hồ Chí Minh","Thành phố Hồ Chí Minh"
HABAC,"Tòa án nhân dân tỉnh Hà Bắc",OLD,D01.28,"Tòa án nhân dân tỉnh Bắc Giang",D01.121,"Tòa án nhân dân tỉnh Bắc Ninh","Tỉnh Bắc Giang"
TAYTRA,"Tòa án nhân dân huyện Tây Trà, tỉnh Quảng Ngãi",OLD,D01.73,"Tòa án nhân dân tỉnh Quảng Ngãi",D01.145.02,"Tòa án nhân dân khu vực 2 - Quảng Ngãi","Tỉnh Quảng Ngãi"
TINHGIA,"Tòa án nhân dân huyện Tĩnh Gia, tỉnh Thanh Hóa",OLD,D01.81,"Tòa án nhân dân tỉnh Thanh Hóa",D01.151.09,"Tòa án nhân dân khu vực 9 - Thanh Hóa","Tỉnh Thanh Hóa"
HANAMNINH,"Tòa án nhân dân tỉnh Hà Nam Ninh",OLD,D01.67,"Tòa án nhân dân tỉnh Ninh Bình",D01.143,"Tòa án nhân dân tỉnh Ninh Bình","Tỉnh Ninh Bình"
HAIHUNG,"Tòa án nhân dân tỉnh Hải Hưng",OLD,D01.51,"Tòa án nhân dân tỉnh Hải Dương",D01.133,"Tòa án nhân dân Thành phố Hải Phòng","Tỉnh Hải Dương"
NGHETINH,"Tòa án nhân dân tỉnh Nghệ Tĩnh",OLD,D01.50,"Tòa án nhân dân tỉnh Hà Tĩnh",D01.132,"Tòa án nhân dân tỉnh Hà Tĩnh","Tỉnh Hà Tĩnh"
HUNGYEN,"Tòa án nhân dân thị xã Hưng Yên",OLD,D01.56,"Tòa án nhân dân tỉnh Hưng Yên",D01.136.01,"Tòa án nhân dân khu vực 1 - Hưng Yên","Tỉnh Hưng Yên"
TPND,"Tòa án nhân dân thanh phố Nam Định, tỉnh Hà Nam Ninh",OLD,D01.67,"Tòa án nhân dân tỉnh Ninh Bình",D01.143.07,"Tòa án nhân dân khu vực 7 - Ninh Bình","Tỉnh Ninh Bình"
TXHANAM,"Tòa án nhân dân thị xã Hà Nam, tỉnh Hà Nam Ninh",OLD,D01.67,"Tòa án nhân dân tỉnh Ninh Bình",D01.143.05,"Tòa án nhân dân khu vực 5 - Ninh Bình","Tỉnh Ninh Bình"
TXNINHBINH,"Tòa án nhân dân thị xã Ninh Bình, tỉnh Hà Nam Ninh",OLD,D01.67,"Tòa án nhân dân tỉnh Ninh Bình",D01.143.01,"Tòa án nhân dân khu vực 1 - Ninh Bình","Tỉnh Ninh Bình"
TAMDIEP,"Tòa án nhân dân thị xã Tam Điệp, tỉnh Hà Nam Ninh",OLD,D01.67,"Tòa án nhân dân tỉnh Ninh Bình",D01.143.02,"Tòa án nhân dân khu vực 2 - Ninh Bình","Tỉnh Ninh Bình"
BINHLUC,"Tòa án nhân dân huyện Bình Lục, tỉnh Hà Nam Ninh",OLD,D01.67,"Tòa án nhân dân tỉnh Ninh Bình",D01.143.06,"Tòa án nhân dân khu vực 6 - Ninh Bình","Tỉnh Ninh Bình"
DUYTIEN,"Tòa án nhân dân huyện Duy Tiên, tỉnh Hà Nam Ninh",OLD,D01.67,"Tòa án nhân dân tỉnh Ninh Bình",D01.143.06,"Tòa án nhân dân khu vực 6 - Ninh Bình","Tỉnh Ninh Bình"
GIAKHANH,"Tòa án nhân dân huyện Gia Khánh, tỉnh Hà Nam Ninh",OLD,D01.67,"Tòa án nhân dân tỉnh Ninh Bình",D01.143.01,"Tòa án nhân dân khu vực 1 - Ninh Bình","Tỉnh Ninh Bình"
GIAVIEN,"Tòa án nhân dân huyện Gia Viễn, tỉnh Hà Nam Ninh",OLD,D01.67,"Tòa án nhân dân tỉnh Ninh Bình",D01.143.03,"Tòa án nhân dân khu vực 3 - Ninh Bình","Tỉnh Ninh Bình"
HAIHAU,"Tòa án nhân dân huyện Hải Hậu, tỉnh Hà Nam Ninh",OLD,D01.67,"Tòa án nhân dân tỉnh Ninh Bình",D01.143.11,"Tòa án nhân dân khu vực 11 - Ninh Bình","Tỉnh Ninh Bình"
KIMSON,"Tòa án nhân dân huyện Kim Sơn, tỉnh Hà Nam Ninh",OLD,D01.67,"Tòa án nhân dân tỉnh Ninh Bình",D01.143.04,"Tòa án nhân dân khu vực 4 - Ninh Bình ","Tỉnh Ninh Bình"
LYNHAN,"Tòa án nhân dân huyện Lý Nhân, tỉnh Hà Nam Ninh",OLD,D01.67,"Tòa án nhân dân tỉnh Ninh Bình",D01.143.06,"Tòa án nhân dân khu vực 6 - Ninh Bình","Tỉnh Ninh Bình"
NAMNINH,"Tòa án nhân dân huyện Nam Ninh, tỉnh Hà Nam Ninh",OLD,D01.67,"Tòa án nhân dân tỉnh Ninh Bình",D01.143.09,"Tòa án nhân dân khu vực 9 - Ninh Bình","Tỉnh Ninh Bình"
NGHIAHUNG,"Tòa án nhân dân huyện Nghĩa Hưng, tỉnh Hà Nam Ninh",OLD,D01.67,"Tòa án nhân dân tỉnh Ninh Bình",D01.143.11,"Tòa án nhân dân khu vực 11 - Ninh Bình","Tỉnh Ninh Bình"
NHOQUAN,"Tòa án nhân dân huyện Nho Quan, tỉnh Hà Nam Ninh",OLD,D01.67,"Tòa án nhân dân tỉnh Ninh Bình",D01.143.03,"Tòa án nhân dân khu vực 3 - Ninh Bình","Tỉnh Ninh Bình"
THANHLIEM,"Tòa án nhân dân huyện Thanh Liêm, tỉnh Hà Nam Ninh",OLD,D01.67,"Tòa án nhân dân tỉnh Ninh Bình",D01.143.05,"Tòa án nhân dân khu vực 5 - Ninh Bình","Tỉnh Ninh Bình"
VUBAN,"Tòa án nhân dân huyện Vụ Bản, tỉnh Hà Nam Ninh",OLD,D01.67,"Tòa án nhân dân tỉnh Ninh Bình",D01.143.08,"Tòa án nhân dân khu vực 8 - Ninh Bình","Tỉnh Ninh Bình"
XUANTHUY,"Tòa án nhân dân huyện Xuân Thủy, tỉnh Hà Nam Ninh",OLD,D01.67,"Tòa án nhân dân tỉnh Ninh Bình",D01.143.10,"Tòa án nhân dân khu vực 10 - Ninh Bình","Tỉnh Ninh Bình"
YYEN,"Tòa án nhân dân huyện Ý Yên, tỉnh Hà Nam Ninh",OLD,D01.67,"Tòa án nhân dân tỉnh Ninh Bình",D01.143.08,"Tòa án nhân dân khu vực 8 - Ninh Bình","Tỉnh Ninh Bình"
YENKHANH,"Tòa án nhân dân huyện Yên Khánh, tỉnh Hà Nam Ninh",OLD,D01.67,"Tòa án nhân dân tỉnh Ninh Bình",D01.143.04,"Tòa án nhân dân khu vực 4 - Ninh Bình ","Tỉnh Ninh Bình"
KIMBANG,"Tòa án nhân dân huyện Kim Bảng, tỉnh Hà Nam Ninh",OLD,D01.67,"Tòa án nhân dân tỉnh Ninh Bình",D01.143.05,"Tòa án nhân dân khu vực 5 - Ninh Bình","Tỉnh Ninh Bình"
KIMTHANH,"Tòa án nhân dân huyện Kim Thanh, tỉnh Hà Nam Ninh",OLD,D01.67,"Tòa án nhân dân tỉnh Ninh Bình",D01.143.05,"Tòa án nhân dân khu vực 5 - Ninh Bình","Tỉnh Ninh Bình"
HOALU,"Tòa án nhân dân huyện Hoa Lư, tỉnh Hà Nam Ninh",OLD,D01.67,"Tòa án nhân dân tỉnh Ninh Bình",D01.143.01,"Tòa án nhân dân khu vực 1 - Ninh Bình","Tỉnh Ninh Bình"
HOANGLONG,"Tòa án nhân dân huyện Hoàng Long, tỉnh Hà Nam Ninh",OLD,D01.67,"Tòa án nhân dân tỉnh Ninh Bình",D01.143.03,"Tòa án nhân dân khu vực 3 - Ninh Bình","Tỉnh Ninh Bình"
NAMHA,"Tòa án nhân dân tỉnh Nam Hà",OLD,D01.67,"Tòa án nhân dân tỉnh Ninh Bình",D01.143,"Tòa án nhân dân tỉnh Ninh Bình","Tỉnh Ninh Bình"
YENMO,"Tòa án nhân dân huyện Yên Mô, tỉnh Hà Nam Ninh",OLD,D01.67,"Tòa án nhân dân tỉnh Ninh Bình",D01.143.02,"Tòa án nhân dân khu vực 2 - Ninh Bình","Tỉnh Ninh Bình"
HAIDUONG,"Tòa án nhân dân thị xã Hải Dương, tỉnh Hải Hưng",OLD,D01.51,"Tòa án nhân dân tỉnh Hải Dương",D01.133.08,"Tòa án nhân dân khu vực 8 - Hải Phòng","Tỉnh Hải Dương"
ANTHI,"Tòa án nhân dân huyện Ân Thi, tỉnh Hải Hưng",OLD,D01.56,"Tòa án nhân dân tỉnh Hưng Yên",D01.136.01,"Tòa án nhân dân khu vực 1 - Hưng Yên","Tỉnh Hưng Yên"
BINHGIANG,"Tòa án nhân dân huyện Bình Giang, tỉnh Hải Hưng",OLD,D01.51,"Tòa án nhân dân tỉnh Hải Dương",D01.133.12,"Tòa án nhân dân khu vực 12 - Hải Phòng","Tỉnh Hải Dương"
CAMGIANG,"Tòa án nhân dân huyện Cẩm Giàng, tỉnh Hải Hưng",OLD,D01.51,"Tòa án nhân dân tỉnh Hải Dương",D01.133.12,"Tòa án nhân dân khu vực 12 - Hải Phòng","Tỉnh Hải Dương"
CHILINH,"Tòa án nhân dân huyện Chí Linh, tỉnh Hải Hưng",OLD,D01.51,"Tòa án nhân dân tỉnh Hải Dương",D01.133.09,"Tòa án nhân dân khu vực 9 - Hải Phòng","Tỉnh Hải Dương"
GIALOC,"Tòa án nhân dân huyện Gia Lộc, tỉnh Hải Hưng",OLD,D01.51,"Tòa án nhân dân tỉnh Hải Dương",D01.133.11,"Tòa án nhân dân khu vực 11 - Hải Phòng","Tỉnh Hải Dương"
KHOAICHAU,"Tòa án nhân dân huyện Khoái Châu, tỉnh Hải Hưng",OLD,D01.56,"Tòa án nhân dân tỉnh Hưng Yên",D01.136.03,"Tòa án nhân dân khu vực 3 - Hưng Yên","Tỉnh Hưng Yên"
KIMDONG,"Tòa án nhân dân huyện Kim Động, tỉnh Hải Hưng",OLD,D01.56,"Tòa án nhân dân tỉnh Hưng Yên",D01.136.03,"Tòa án nhân dân khu vực 3 - Hưng Yên","Tỉnh Hưng Yên"
KIMTHANHHH,"Tòa án nhân dân huyện Kim Thành, tỉnh Hải Hưng",OLD,D01.51,"Tòa án nhân dân tỉnh Hải Dương",D01.133.10,"Tòa án nhân dân khu vực 10 - Hải Phòng","Tỉnh Hải Dương"
KIMMON,"Tòa án nhân dân huyện Kinh Môn, tỉnh Hải Hưng",OLD,D01.51,"Tòa án nhân dân tỉnh Hải Dương",D01.133.10,"Tòa án nhân dân khu vực 10 - Hải Phòng","Tỉnh Hải Dương"
MYHAO,"Tòa án nhân dân huyện Mỹ Hào, tỉnh Hải Hưng",OLD,D01.56,"Tòa án nhân dân tỉnh Hưng Yên",D01.136.02,"Tòa án nhân dân khu vực 2 - Hưng Yên","Tỉnh Hưng Yên"
NAMSACH,"Tòa án nhân dân huyện Nam Sách, tỉnh Hải Hưng",OLD,D01.51,"Tòa án nhân dân tỉnh Hải Dương",D01.133.09,"Tòa án nhân dân khu vực 9 - Hải Phòng","Tỉnh Hải Dương"
NINHGIANG,"Tòa án nhân dân huyện Ninh Giang, tỉnh Hải Hưng",OLD,D01.51,"Tòa án nhân dân tỉnh Hải Dương",D01.133.13,"Tòa án nhân dân khu vực 13 - Hải Phòng","Tỉnh Hải Dương"
PHUCU,"Tòa án nhân dân huyện Phù Cừ, tỉnh Hải Hưng",OLD,D01.56,"Tòa án nhân dân tỉnh Hưng Yên",D01.136.01,"Tòa án nhân dân khu vực 1 - Hưng Yên","Tỉnh Hưng Yên"
THANHHA,"Tòa án nhân dân huyện Thanh Hà, tỉnh Hải Hưng",OLD,D01.51,"Tòa án nhân dân tỉnh Hải Dương",D01.133.08,"Tòa án nhân dân khu vực 8 - Hải Phòng","Tỉnh Hải Dương"
THANHMIEN,"Tòa án nhân dân huyện Thanh Miện, tỉnh Hải Hưng",OLD,D01.51,"Tòa án nhân dân tỉnh Hải Dương",D01.133.13,"Tòa án nhân dân khu vực 13 - Hải Phòng","Tỉnh Hải Dương"
TIENLU,"Tòa án nhân dân huyện Tiên Lữ, tỉnh Hải Hưng",OLD,D01.56,"Tòa án nhân dân tỉnh Hưng Yên",D01.136.01,"Tòa án nhân dân khu vực 1 - Hưng Yên","Tỉnh Hưng Yên"
TUKY,"Tòa án nhân dân huyện Tứ Kỳ, tỉnh Hải Hưng",OLD,D01.51,"Tòa án nhân dân tỉnh Hải Dương",D01.133.11,"Tòa án nhân dân khu vực 11 - Hải Phòng","Tỉnh Hải Dương"
VANGIANG,"Tòa án nhân dân huyện Văn Giang, tỉnh Hải Hưng",OLD,D01.56,"Tòa án nhân dân tỉnh Hưng Yên",D01.136.04,"Tòa án nhân dân khu vực 4 - Hưng Yên","Tỉnh Hưng Yên"
YENMY,"Tòa án nhân dân huyện Yên Mỹ, tỉnh Hải Hưng",OLD,D01.56,"Tòa án nhân dân tỉnh Hưng Yên",D01.136.02,"Tòa án nhân dân khu vực 2 - Hưng Yên","Tỉnh Hưng Yên"
VANLAM,"Tòa án nhân dân huyện Văn Lâm, tỉnh Hải Hưng",OLD,D01.56,"Tòa án nhân dân tỉnh Hưng Yên",D01.136.04,"Tòa án nhân dân khu vực 4 - Hưng Yên","Tỉnh Hưng Yên"
HASONBINH,"Tòa án nhân dân tỉnh Hà Sơn Bình",OLD,D01.49,"Tòa án nhân dân Thành phố Hà Nội",D01.131,"Tòa án nhân dân Thành phố Hà Nội","Thành phố Hà Nội"
CAMBINH,"Tòa án nhân dân huyện Cẩm Bình, tỉnh Hải Hưng",OLD,D01.51,"Tòa án nhân dân tỉnh Hải Dương",D01.133.12,"Tòa án nhân dân khu vực 12 - Hải Phòng","Tỉnh Hải Dương"
NAMTHANH,"Tòa án nhân dân huyện Nam Thanh, tỉnh Hải Hưng",OLD,D01.51,"Tòa án nhân dân tỉnh Hải Dương",D01.133.08,"Tòa án nhân dân khu vực 8 - Hải Phòng","Tỉnh Hải Dương"
TULOC,"Tòa án nhân dân huyện Tứ Lộc, tỉnh Hải Hưng",OLD,D01.51,"Tòa án nhân dân tỉnh Hải Dương",D01.133.11,"Tòa án nhân dân khu vực 11 - Hải Phòng","Tỉnh Hải Dương"
NINHTHANH,"Tòa án nhân dân huyện Ninh Thanh, tỉnh Hải Hưng",OLD,D01.51,"Tòa án nhân dân tỉnh Hải Dương",D01.133.13,"Tòa án nhân dân khu vực 13 - Hải Phòng","Tỉnh Hải Dương"
PHUTIEN,"Tòa án nhân dân huyện Phù Tiên, tỉnh Hải Hưng",OLD,D01.56,"Tòa án nhân dân tỉnh Hưng Yên",D01.136.01,"Tòa án nhân dân khu vực 1 - Hưng Yên","Tỉnh Hưng Yên"
VANYEN,"Tòa án nhân dân huyện Văn Yên, tỉnh Hải Hưng",OLD,D01.56,"Tòa án nhân dân tỉnh Hưng Yên",D01.136.04,"Tòa án nhân dân khu vực 4 - Hưng Yên","Tỉnh Hưng Yên"
VANMY,"Tòa án nhân dân huyện Văn Mỹ, tỉnh Hải Hưng",OLD,D01.56,"Tòa án nhân dân tỉnh Hưng Yên",D01.136.02,"Tòa án nhân dân khu vực 2 - Hưng Yên","Tỉnh Hưng Yên"
MYVAN,"Tòa án nhân dân huyện Mỹ Văn, tỉnh Hải Hưng",OLD,D01.56,"Tòa án nhân dân tỉnh Hưng Yên",D01.136.02,"Tòa án nhân dân khu vực 2 - Hưng Yên","Tỉnh Hưng Yên"
CHAUGIANG,"Tòa án nhân dân huyện Châu Giang, tỉnh Hải Hưng",OLD,D01.56,"Tòa án nhân dân tỉnh Hưng Yên",D01.136.03,"Tòa án nhân dân khu vực 3 - Hưng Yên","Tỉnh Hưng Yên"
KIMTHI,"Tòa án nhân dân huyện Kim Thi, tỉnh Hải Hưng",OLD,D01.56,"Tòa án nhân dân tỉnh Hưng Yên",D01.136.01,"Tòa án nhân dân khu vực 1 - Hưng Yên","Tỉnh Hưng Yên"
BACTHAI,"Tòa án nhân dân tỉnh Bắc Thái",OLD,D01.80,"Tòa án nhân dân tỉnh Thái Nguyên",D01.150,"Tòa án nhân dân tỉnh Thái Nguyên","Tỉnh Thái Nguyên"
CUULONG,"Tòa án nhân dân tỉnh Cửu Long",OLD,D01.86,"Tòa án nhân dân tỉnh Vĩnh Long",D01.153,"Tòa án nhân dân tỉnh Vĩnh Long","Tỉnh Vĩnh Long"
SONGBE,"Tòa án nhân dân tỉnh Sông Bé",OLD,D01.33,"Tòa án nhân dân tỉnh Bình Dương",D01.134,"Tòa án nhân dân Thành phố Hồ Chí Minh","Tỉnh Bình Dương"
TANTHANH,"Tòa án nhân dân huyện Tân Thành",OLD,D01.27,"Tòa án nhân dân tỉnh Bà Rịa - Vũng Tàu",D01.134.12,"Tòa án nhân dân khu vực 12 - Hồ Chí Minh","Tỉnh Bà Rịa - Vũng Tàu"
THUATHIENHUE,"Tòa án nhân dân tỉnh Thừa Thiên Huế",OLD,D01.82,"Tòa án nhân dân tỉnh Thừa Thiên - Huế",D01.135,"Tòa án nhân dân Thành phố Huế","Thành phố Huế"
DSTC,"Tòa Dân sự Tòa án nhân dân tối cao",OLD,D01,"Tòa án nhân dân tối cao",NULL,NULL,"Thành phố Hà Nội"
THSTC,"Tòa Hình sự Tòa án nhân dân tối cao",OLD,D01,"Tòa án nhân dân tối cao",D01,"Tòa án nhân dân tối cao","Thành phố Hà Nội"
TKTTC,"Tòa Kinh tế Tòa án nhân dân tối cao",OLD,D01,"Tòa án nhân dân tối cao",D01,"Tòa án nhân dân tối cao","Thành phố Hà Nội"
HCTC,"Tòa hành chính Tòa án nhân dân tối cao",OLD,NULL,NULL,D01,"Tòa án nhân dân tối cao","Thành phố Hà Nội"
